eventID,year,month,day,hour,minute,second,longitude,latitude,depth,magnitude,sigmaMagnitude
610546059,2017,3,12,4,40,0.74,104.2472,-7.117,19.9,4.02183,0.0
8458289,2005,5,10,1,9,5.28,103.1301,-6.2608,19.7,6.04323,0.0
7382652,2005,5,29,4,55,17.22,103.0218,-4.6425,19.5,5.53788,0.0
601008,1982,4,21,11,51,32.65,102.2345,-5.0987,19.2,5.43681,0.0
604088276,2014,2,23,9,17,17.16,104.3964,-7.184,19.1,4.02183,0.0
611816117,2016,4,1,21,7,20.0,103.03,-5.06,19.0,2.6,0.0
615345722,2017,2,23,16,6,14.5,103.16,-5.25,19.0,2.8,0.0
621851523,2020,8,15,13,4,27.9,104.52,-6.29,19.0,2.9,0.0
611530286,2015,5,13,6,41,29.4,102.46,-5.08,19.0,3.0,0.0
618630418,2019,4,11,23,23,44.7,103.69,-5.13,19.0,3.0,0.0
611531541,2015,9,2,6,19,24.5,103.5,-5.26,19.0,3.1,0.0
15881793,2010,6,4,12,15,21.6,102.85,-4.95,19.0,3.2,0.0
601988893,2011,1,6,14,1,17.9,105.35,-6.84,19.0,3.2,0.0
618620392,2018,2,8,18,42,24.2,105.57,-5.79,19.0,3.2,0.0
618622484,2018,4,17,9,16,57.0,105.48,-7.29,19.0,3.2,0.0
12923440,2008,12,18,4,0,53.0,105.51,-7.75,19.0,3.4,0.0
611815335,2016,1,11,4,47,56.0,102.73,-5.58,19.0,3.4,0.0
615345208,2017,1,10,5,24,39.2,105.17,-6.77,19.0,3.4,0.0
618628324,2019,1,10,22,42,27.2,103.58,-5.56,19.0,3.5,0.0
618629505,2019,2,19,6,8,11.4,105.73,-7.18,19.0,3.5,0.0
602001548,2011,2,13,21,28,14.4,104.69,-7.61,19.0,3.6,0.0
611840299,2015,6,29,14,17,56.7,103.91,-5.72,19.0,3.6,0.0
618627709,2018,12,14,11,38,51.7,105.69,-7.55,19.0,3.6,0.0
621872659,2020,5,14,5,58,18.8,105.47,-7.0,19.0,3.6,0.0
606806896,2013,2,16,3,35,33.3,103.64,-5.5,19.0,3.7,0.0
618635934,2019,12,29,4,4,52.2,105.6,-7.06,19.0,3.7,0.0
621853248,2020,11,5,3,29,18.7,102.93,-5.28,19.0,3.7,0.0
601988724,2011,1,3,14,47,14.2,103.87,-7.19,19.0,4.1,0.0
6134078,2002,11,16,7,53,1.18,103.5225,-6.7584,18.5,3.92076,0.0
3011826,2001,2,4,0,50,53.35,103.9512,-5.1399,18.5,4.42611,0.0
597802,1982,6,25,10,23,51.5,103.4619,-6.2663,18.3,5.53788,0.0
748180,1974,5,13,18,54,31.11,102.5876,-6.6536,18.2,5.53788,0.0
6622399,2003,3,27,6,39,54.03,102.272,-5.9387,18.1,4.52718,0.0
7217359,2003,12,25,15,53,27.25,101.6667,-5.9874,18.1,4.52718,0.0
12893393,2008,4,4,15,17,47.0,103.44,-5.35,18.0,2.7,0.0
602007128,2011,10,10,16,45,5.2,102.93,-5.01,18.0,2.7,0.0
618621354,2018,2,11,16,8,46.8,102.38,-5.08,18.0,2.7,0.0
12922949,2008,11,2,6,14,15.0,103.53,-4.95,18.0,2.8,0.0
618633458,2019,9,14,11,19,11.6,102.89,-4.94,18.0,2.8,0.0
621461237,2020,2,14,2,6,2.8,102.66,-4.72,18.0,2.8,0.0
621853758,2020,12,1,22,30,11.7,105.48,-6.63,18.0,2.8,0.0
611816293,2016,4,22,6,26,9.9,103.25,-4.72,18.0,3.0,0.0
618624900,2018,8,9,18,31,55.0,104.33,-6.23,18.0,3.0,0.0
602013455,2012,3,23,19,10,31.8,102.6,-5.76,18.0,3.1,0.0
611815770,2016,2,25,7,31,37.3,105.82,-6.16,18.0,3.1,0.0
12922681,2008,9,26,13,31,40.0,103.54,-6.02,18.0,3.2,0.0
12922944,2008,11,1,14,47,0.0,105.31,-7.37,18.0,3.3,0.0
611532500,2015,11,12,7,2,14.2,102.44,-4.62,18.0,3.3,0.0
621873189,2020,6,15,18,52,42.0,102.68,-4.86,18.0,3.3,0.0
12921869,2008,7,12,12,20,56.0,102.93,-5.98,18.0,3.4,0.0
12922031,2008,7,25,13,15,4.0,104.03,-6.38,18.0,3.4,0.0
606793024,2012,11,15,13,35,28.8,103.77,-5.99,18.0,3.4,0.0
618633084,2019,8,21,9,55,12.1,102.81,-5.23,18.0,3.5,0.0
618621492,2018,2,21,11,59,53.8,105.43,-6.77,18.0,3.7,0.0
601515570,2010,12,16,9,14,17.3,105.32,-7.02,18.0,3.8,0.0
618634832,2019,11,9,10,22,40.3,103.98,-5.87,18.0,3.8,0.0
3370180,2002,6,26,21,22,5.87,102.2903,-5.9294,18.0,4.62825,0.0
628818,1981,4,27,5,53,30.65,102.6403,-6.868,17.9,5.33574,0.0
617000663,2019,12,22,12,28,14.49,103.7254,-6.4009,17.8,4.62825,0.0
616493736,2019,9,22,22,32,24.89,102.5874,-6.9284,17.7,5.1336,0.0
3761101,2002,4,23,13,16,55.34,101.6104,-6.1583,17.5,3.92076,0.0
602859644,2013,2,25,11,36,16.94,103.6274,-5.761,17.4,3.71862,0.0
617431706,2019,10,9,12,15,15.37,103.001,-5.9089,17.4,4.02183,0.0
7433797,2004,11,10,7,51,5.3,102.8147,-6.9821,17.4,5.43681,0.0
12893526,2008,4,11,19,10,58.0,103.92,-5.9,17.0,2.2,0.0
12920904,2008,6,10,11,35,40.0,103.98,-5.41,17.0,2.5,0.0
602012663,2012,2,18,18,23,27.0,103.79,-6.06,17.0,2.7,0.0
611444591,2015,3,15,19,5,9.9,103.94,-5.7,17.0,2.7,0.0
12894078,2008,5,20,19,14,2.0,105.1,-6.96,17.0,2.8,0.0
621461536,2020,2,26,10,56,0.6,103.12,-5.12,17.0,3.0,0.0
15882163,2010,7,21,20,23,3.6,102.65,-5.14,17.0,3.1,0.0
618629858,2019,3,12,20,36,48.7,103.73,-6.37,17.0,3.1,0.0
621460303,2020,1,1,22,41,30.6,104.13,-6.27,17.0,3.1,0.0
15880196,2010,2,12,5,39,57.8,103.71,-5.83,17.0,3.2,0.0
602009318,2011,11,14,19,3,6.6,103.53,-5.55,17.0,3.3,0.0
615348184,2017,6,13,9,29,29.6,103.97,-6.14,17.0,3.3,0.0
608080046,2013,8,18,15,18,6.3,102.45,-5.15,17.0,3.4,0.0
608077204,2014,3,6,10,7,58.7,103.5,-5.68,17.0,3.4,0.0
608077998,2014,7,12,15,41,55.8,103.07,-5.02,17.0,3.4,0.0
621871913,2020,4,16,4,52,24.6,103.03,-6.18,17.0,3.4,0.0
621852762,2020,10,2,4,35,23.5,102.39,-5.17,17.0,3.4,0.0
606793108,2012,11,22,0,37,35.5,103.87,-5.73,17.0,3.5,0.0
619640915,2018,10,7,19,29,17.3,103.86,-6.46,17.0,3.5,0.0
615352676,2017,11,8,23,38,39.5,105.3,-7.09,17.0,3.6,0.0
621850708,2020,7,10,7,16,12.1,102.01,-4.78,17.0,3.6,0.0
625075961,2021,1,19,4,46,50.3,105.33,-6.89,17.0,3.6,0.0
615353168,2017,12,23,7,3,24.7,104.15,-6.3,17.0,3.7,0.0
618627246,2018,11,25,13,33,41.5,104.59,-6.7,17.0,3.7,0.0
12893906,2008,5,7,11,49,10.0,105.32,-7.01,17.0,3.8,0.0
15852897,2009,4,18,9,35,40.9,102.12,-4.7,17.0,3.8,0.0
618622798,2018,5,10,18,1,57.8,105.24,-6.94,17.0,3.8,0.0
618632624,2019,7,24,10,53,31.7,103.56,-5.59,17.0,3.8,0.0
618635653,2019,12,13,17,53,6.5,102.42,-6.05,17.0,4.1229,0.0
7121122,2003,9,7,11,16,58.14,101.9688,-5.8082,17.0,5.74002,0.0
607262647,2015,4,11,7,21,45.11,105.0611,-7.0517,16.9,4.32504,0.0
165141,1994,7,18,9,29,1.23,103.4293,-6.6703,16.9,5.03253,0.0
14334558,2009,12,27,5,19,6.06,102.8993,-4.3461,16.8,3.81969,0.0
604652543,2014,5,23,9,6,56.17,102.634,-6.9794,16.8,5.33574,0.0
536580,1984,12,14,21,45,15.17,103.9698,-5.8835,16.7,5.53788,0.0
1042376,1997,9,19,14,44,16.4,106.3711,-6.1448,16.6,4.0,0.0
604662869,2014,5,29,23,30,32.47,103.4809,-5.9454,16.6,4.62825,0.0
600086924,2011,11,8,0,48,23.02,105.0483,-6.9741,16.4,4.02183,0.0
604645983,2013,8,14,6,42,39.88,104.0732,-6.7218,16.4,4.22397,0.0
8750764,2006,6,26,8,51,15.76,102.4387,-6.4697,16.4,4.62825,0.0
600733428,2012,1,10,16,53,7.34,104.9471,-6.8355,16.3,4.02183,0.0
618627572,2018,12,6,16,33,8.8,103.83,-6.08,16.0,2.7,0.0
12922472,2008,8,31,14,55,38.0,103.9,-5.63,16.0,3.0,0.0
608077860,2014,6,7,16,23,59.6,103.43,-5.82,16.0,3.0,0.0
615346238,2017,4,24,16,1,51.0,104.06,-5.96,16.0,3.0,0.0
621852039,2020,9,2,2,19,13.4,105.92,-7.01,16.0,3.0,0.0
621871405,2020,4,3,17,33,18.2,102.72,-5.07,16.0,3.1,0.0
602021423,2012,5,30,13,17,14.0,103.68,-6.21,16.0,3.3,0.0
611841910,2016,10,9,2,58,11.7,103.28,-5.25,16.0,3.3,0.0
12922336,2008,8,19,14,55,32.0,104.58,-6.91,16.0,3.4,0.0
611840144,2015,6,25,19,15,9.4,104.27,-6.13,16.0,3.4,0.0
618629896,2019,3,14,7,11,50.6,102.35,-4.9,16.0,3.4,0.0
15881869,2010,6,14,17,10,55.0,102.01,-4.86,16.0,3.5,0.0
15881401,2010,5,2,2,22,30.1,104.53,-6.25,16.0,3.6,0.0
602009339,2011,11,14,8,3,7.6,105.36,-7.35,16.0,3.6,0.0
608077626,2014,5,6,20,46,53.2,105.36,-7.34,16.0,3.6,0.0
602003543,2011,3,26,13,48,31.4,104.92,-6.77,16.0,3.8,0.0
611026263,2017,9,26,5,46,28.88,101.3379,-5.7384,15.9,4.93146,0.0
610571053,2014,7,9,0,1,30.77,104.8756,-6.841,15.9,5.03253,0.0
608101049,2015,10,31,4,31,44.0,103.0468,-5.3937,15.8,3.61755,0.0
16168950,2011,2,28,12,39,16.44,104.4442,-6.8112,15.8,4.1229,0.0
13668268,2009,9,7,6,46,2.03,101.7383,-6.6219,15.6,4.72932,0.0
12961194,2007,9,11,16,36,10.97,105.4975,-5.7861,15.6,5.1336,0.0
611897994,2018,4,11,12,28,0.73,105.2006,-7.1565,15.5,4.32504,0.0
605652463,2014,11,10,6,13,9.51,104.231,-6.4286,15.5,4.93146,0.0
16536023,2011,4,20,16,9,1.83,102.0558,-5.2068,15.4,4.1229,0.0
1054091,1997,11,22,18,31,11.3,105.8012,-7.2467,15.1,4.1,0.0
602012388,2012,2,8,17,27,38.4,103.49,-5.62,15.0,2.5,0.0
618629528,2019,2,20,5,12,46.4,102.76,-4.93,15.0,2.9,0.0
615345152,2017,1,1,18,25,16.8,103.74,-6.1,15.0,3.0,0.0
12893931,2008,5,10,13,48,14.0,103.56,-5.89,15.0,3.1,0.0
12922034,2008,7,25,20,59,23.0,103.29,-5.6,15.0,3.1,0.0
615345863,2017,3,13,11,44,36.3,103.49,-5.72,15.0,3.1,0.0
618621805,2018,3,7,19,57,4.7,103.54,-5.72,15.0,3.1,0.0
618631039,2019,4,23,14,0,53.6,103.29,-5.56,15.0,3.1,0.0
608081125,2013,11,28,1,53,58.8,104.22,-6.33,15.0,3.2,0.0
621461643,2020,3,1,7,18,33.3,102.62,-5.26,15.0,3.2,0.0
621852063,2020,9,3,1,37,24.1,104.06,-6.08,15.0,3.2,0.0
621850994,2020,7,31,8,47,43.7,104.06,-6.3,15.0,3.3,0.0
12893511,2008,4,11,12,7,34.0,102.69,-6.09,15.0,3.4,0.0
12933615,2009,2,6,19,51,57.0,104.29,-6.78,15.0,3.4,0.0
15854753,2009,10,20,10,45,35.1,103.43,-5.46,15.0,3.4,0.0
602002384,2011,3,1,22,56,7.2,105.46,-7.25,15.0,3.4,0.0
602012411,2012,2,9,22,29,21.2,103.48,-6.21,15.0,3.4,0.0
618633215,2019,8,29,4,57,37.3,104.51,-6.47,15.0,3.4,0.0
606792893,2012,11,5,14,7,44.9,103.47,-5.34,15.0,3.5,0.0
615345946,2017,3,20,2,54,45.7,105.16,-5.46,15.0,3.5,0.0
602013680,2012,4,2,9,8,54.5,103.67,-6.09,15.0,3.6,0.0
608077653,2014,5,9,11,5,50.0,103.22,-5.39,15.0,3.7,0.0
16007698,2011,2,6,11,21,17.5,104.1131,-8.2584,15.0,5.74002,0.0
6589133,2003,2,16,22,27,51.28,102.0986,-5.7118,14.6,4.42611,0.0
201948,1993,10,10,12,42,32.92,103.6511,-4.0073,14.6,4.72932,0.0
600012375,2011,12,2,21,42,22.06,104.3776,-7.8667,14.4,4.62825,0.0
619117750,2020,9,11,10,18,6.5,104.3044,-7.8367,14.2,4.52718,0.0
12894152,2008,5,28,15,8,50.0,103.92,-4.51,14.0,2.1,0.0
618630336,2019,4,5,2,18,40.0,103.36,-5.25,14.0,2.7,0.0
618621366,2018,2,12,21,13,52.9,102.64,-5.33,14.0,2.8,0.0
618619788,2018,1,15,20,3,42.9,106.3,-6.0,14.0,2.9,0.0
608077074,2014,2,12,13,15,49.1,102.69,-5.29,14.0,3.0,0.0
618630245,2019,3,31,5,0,22.6,105.74,-7.26,14.0,3.0,0.0
608081325,2013,12,26,0,46,9.5,103.07,-5.03,14.0,3.1,0.0
618630988,2019,4,22,21,45,54.4,103.69,-6.36,14.0,3.1,0.0
621853004,2020,10,22,19,16,46.0,104.55,-6.26,14.0,3.1,0.0
12906477,2008,6,4,10,28,38.0,104.38,-6.23,14.0,3.2,0.0
618633320,2019,9,8,22,13,45.9,103.04,-5.39,14.0,3.2,0.0
602005048,2011,8,9,18,0,32.3,105.52,-7.09,14.0,3.2,0.0
601514641,2010,11,2,19,55,22.9,103.57,-5.89,14.0,3.3,0.0
618632673,2019,7,27,14,22,49.6,103.15,-5.32,14.0,3.4,0.0
15880748,2010,3,31,20,57,22.3,104.52,-6.3,14.0,3.5,0.0
618625455,2018,8,19,19,59,51.0,103.01,-5.49,14.0,3.5,0.0
296125,1992,4,17,8,58,42.5,104.9,-7.0,14.0,3.5,0.0
618621592,2018,2,26,2,13,23.8,103.01,-6.11,14.0,3.6,0.0
606807494,2013,3,22,2,39,44.3,103.19,-6.15,14.0,3.7,0.0
611817221,2016,7,6,16,10,39.3,103.32,-5.58,14.0,3.71862,0.0
621873131,2020,6,12,5,32,54.0,102.81,-4.89,14.0,3.8,0.0
611818347,2016,12,4,13,35,47.6,102.89,-5.85,14.0,3.8,0.0
15880666,2010,3,24,19,23,3.5,104.88,-6.85,14.0,4.0,0.0
618628124,2019,1,4,19,51,10.8,103.42,-5.78,14.0,4.32504,0.0
6544323,2003,1,26,20,10,38.84,103.8545,-5.5371,13.9,4.93146,0.0
616200934,2019,8,5,5,9,59.51,102.2413,-6.0393,13.8,5.1336,0.0
17393421,2011,10,22,0,18,2.23,104.1311,-7.8418,13.5,5.1336,0.0
600085294,2011,10,12,4,37,27.73,102.6484,-5.021,13.4,4.02183,0.0
585430,1983,1,22,6,44,36.15,102.925,-6.8142,13.1,5.84109,0.0
611815894,2016,3,7,17,51,39.2,104.22,-6.33,13.0,2.4,0.0
618635763,2019,12,20,16,34,33.7,103.43,-5.81,13.0,2.6,0.0
618632856,2019,8,9,18,19,26.6,102.85,-4.84,13.0,2.7,0.0
611530804,2015,7,11,16,45,5.7,105.48,-6.11,13.0,3.0,0.0
12893433,2008,4,6,3,31,29.0,103.1,-4.07,13.0,3.1,0.0
602012840,2012,2,25,13,46,23.5,104.52,-6.33,13.0,3.1,0.0
611532414,2015,11,9,16,34,59.3,102.63,-5.22,13.0,3.1,0.0
618622361,2018,4,10,18,55,33.9,103.78,-6.46,13.0,3.2,0.0
15856120,2009,12,4,3,32,44.5,103.47,-6.62,13.0,3.3,0.0
602011625,2012,1,3,10,7,3.2,105.72,-6.43,13.0,3.3,0.0
618623760,2018,7,24,19,26,38.9,106.0,-7.02,13.0,3.3,0.0
618621923,2018,3,13,21,33,35.1,102.68,-5.37,13.0,3.4,0.0
618633477,2019,9,16,22,51,14.2,102.95,-5.81,13.0,3.4,0.0
12923329,2008,12,8,1,20,8.0,102.72,-5.34,13.0,3.5,0.0
15854803,2009,10,29,22,13,41.4,103.34,-5.37,13.0,3.5,0.0
618628384,2019,1,11,7,38,38.6,101.87,-5.27,13.0,3.5,0.0
618634334,2019,10,17,13,48,28.6,103.75,-5.95,13.0,3.5,0.0
621852432,2020,9,21,1,24,13.1,104.06,-6.32,13.0,3.5,0.0
15879968,2010,1,22,19,52,34.6,105.55,-7.14,13.0,3.6,0.0
611817768,2016,9,11,7,33,45.3,105.18,-6.76,13.0,3.6,0.0
618622801,2018,5,10,17,9,12.8,105.3,-6.76,13.0,3.6,0.0
618628658,2019,1,21,20,9,25.2,104.0,-5.95,13.0,3.6,0.0
621873104,2020,6,10,8,7,57.3,102.59,-5.13,13.0,3.6,0.0
618627535,2018,12,4,2,23,15.7,105.18,-7.07,13.0,3.7,0.0
12893525,2008,4,11,18,23,22.0,105.27,-6.77,13.0,3.9,0.0
618629569,2019,2,22,4,57,31.0,103.81,-8.01,13.0,4.32504,0.0
618622508,2018,4,18,10,24,22.9,104.18,-5.57,13.0,4.62825,0.0
604512286,2014,5,3,13,18,44.82,104.1054,-7.8772,13.0,4.72932,0.0
684561,1978,3,4,2,43,57.97,103.1443,-6.8951,13.0,5.33574,0.0
601474488,2012,6,2,22,0,2.39,103.2871,-6.1761,12.6,3.92076,0.0
7376944,2004,7,29,0,18,59.54,105.2693,-5.6392,12.1,4.52718,0.0
291060,1992,5,12,11,12,18.9,105.9,-6.3,12.0,2.1,0.0
303261,1992,2,9,13,8,40.1,105.2,-7.2,12.0,2.3,0.0
290220,1992,5,6,8,5,3.7,105.0,-7.0,12.0,2.4,0.0
283338,1992,7,21,10,3,5.1,105.4,-7.2,12.0,2.5,0.0
602012195,2012,2,1,14,20,22.3,104.52,-6.2,12.0,2.6,0.0
277022,1992,8,12,0,52,58.4,105.2,-7.1,12.0,2.6,0.0
12893423,2008,4,5,19,8,1.0,104.35,-6.53,12.0,2.7,0.0
618627994,2018,12,30,1,25,19.6,103.55,-5.56,12.0,2.7,0.0
621461373,2020,2,19,11,34,57.5,102.57,-5.19,12.0,2.7,0.0
286202,1992,6,8,12,32,43.5,105.7,-5.9,12.0,2.7,0.0
12921952,2008,7,19,6,14,18.0,103.01,-4.28,12.0,2.8,0.0
602012231,2012,2,2,12,38,15.5,103.83,-5.77,12.0,2.8,0.0
608076936,2014,1,26,12,27,47.0,103.15,-5.36,12.0,2.8,0.0
289871,1992,5,3,10,58,0.1,104.9,-6.8,12.0,2.8,0.0
602011727,2012,1,11,15,44,10.6,105.1,-5.32,12.0,2.9,0.0
602018940,2012,5,12,18,42,51.5,102.4,-5.1,12.0,2.9,0.0
309131,1992,1,31,22,54,16.5,103.2,-6.6,12.0,2.9,0.0
602028215,2012,8,5,18,22,8.3,103.97,-6.44,12.0,3.0,0.0
290004,1992,5,4,11,5,26.6,105.1,-6.9,12.0,3.0,0.0
290008,1992,5,4,11,43,4.6,104.8,-6.8,12.0,3.0,0.0
292521,1992,5,21,15,54,9.9,104.6,-7.9,12.0,3.0,0.0
12922056,2008,7,27,7,26,54.0,103.73,-6.94,12.0,3.1,0.0
602028796,2012,8,29,16,26,23.9,104.15,-6.28,12.0,3.1,0.0
621852255,2020,9,15,18,44,29.6,102.95,-5.71,12.0,3.1,0.0
285205,1992,6,1,10,19,17.4,106.0,-5.6,12.0,3.1,0.0
244775,1993,3,25,1,9,5.9,105.5,-7.1,12.0,3.1,0.0
602012193,2012,2,1,17,44,33.2,103.58,-6.22,12.0,3.2,0.0
618633139,2019,8,25,22,37,55.6,103.15,-5.27,12.0,3.2,0.0
618633425,2019,9,12,4,47,24.0,103.82,-6.27,12.0,3.2,0.0
300095,1992,3,17,8,40,43.2,105.0,-7.2,12.0,3.2,0.0
288236,1992,6,22,15,34,8.5,103.7,-6.4,12.0,3.2,0.0
608081397,2014,1,7,18,34,46.4,103.56,-6.02,12.0,3.3,0.0
618629526,2019,2,20,7,1,39.6,103.26,-5.34,12.0,3.3,0.0
608081366,2014,1,1,16,6,4.6,103.58,-6.11,12.0,3.4,0.0
618623511,2018,7,7,18,7,35.0,105.03,-5.31,12.0,3.4,0.0
15881113,2010,4,15,0,3,9.7,103.78,-6.41,12.0,3.5,0.0
602028425,2012,8,16,8,11,48.3,104.89,-7.08,12.0,3.5,0.0
606793193,2012,11,28,3,22,14.8,106.64,-5.67,12.0,3.5,0.0
606794746,2013,1,20,9,40,36.7,103.91,-5.58,12.0,3.5,0.0
608080053,2013,8,19,21,58,7.7,104.35,-6.32,12.0,3.5,0.0
608078002,2014,7,14,19,53,36.0,104.32,-4.48,12.0,3.5,0.0
608078785,2014,11,27,11,39,10.9,102.42,-4.87,12.0,3.5,0.0
611532242,2015,10,27,16,26,23.7,104.23,-6.12,12.0,3.5,0.0
283145,1992,7,20,12,28,49.6,105.0,-6.9,12.0,3.5,0.0
12923482,2008,12,23,6,28,34.0,102.92,-4.89,12.0,3.6,0.0
606806750,2013,2,7,13,8,24.2,105.5,-7.48,12.0,3.7,0.0
611816575,2016,5,24,16,37,43.4,104.85,-6.74,12.0,3.7,0.0
291426,1992,5,15,1,59,4.0,105.6,-7.4,12.0,3.7,0.0
12922957,2008,11,3,19,37,18.0,103.96,-5.97,12.0,3.8,0.0
618622063,2018,3,21,20,25,43.3,103.54,-5.64,12.0,3.8,0.0
606808518,2013,5,19,21,11,39.8,105.24,-7.09,12.0,4.3,0.0
266929,1992,10,11,0,25,18.4,105.3,-7.4,12.0,4.7,0.0
261185,1992,11,5,21,17,1.2,105.2,-7.6,12.0,4.7,0.0
299592,1992,3,13,8,14,56.4,105.2,-7.7,12.0,4.8,0.0
261936,1992,11,10,12,8,46.4,105.4,-7.3,12.0,4.8,0.0
262725,1992,11,15,5,36,57.1,103.5,-6.6,12.0,4.8,0.0
245084,1993,3,26,21,0,6.2,105.1,-6.8,12.0,4.9,0.0
268379,1992,10,18,19,39,24.5,105.7,-6.2,12.0,5.0,0.0
610236779,2017,1,5,15,39,11.77,102.0759,-5.0309,11.9,4.1229,0.0
323764,1991,8,24,10,25,47.27,101.4835,-6.1711,11.9,4.93146,0.0
608078553,2014,11,5,11,24,55.85,103.2949,-3.9304,11.2,3.41541,0.0
608077101,2014,2,17,21,17,52.0,103.83,-6.1,11.0,2.5,0.0
608081430,2014,1,17,17,35,13.2,103.78,-6.4,11.0,2.6,0.0
618635698,2019,12,15,16,59,13.3,103.97,-6.22,11.0,2.6,0.0
608076946,2014,1,27,21,29,53.7,102.6,-5.31,11.0,2.7,0.0
608078512,2014,10,26,14,19,55.6,102.3,-4.69,11.0,2.7,0.0
618634640,2019,11,4,18,34,26.6,106.14,-6.62,11.0,2.7,0.0
12922603,2008,9,15,1,50,55.0,104.5,-6.65,11.0,2.8,0.0
15880034,2010,1,27,23,41,41.4,103.26,-5.11,11.0,2.8,0.0
608077863,2014,6,7,13,36,10.9,103.52,-5.35,11.0,2.8,0.0
611532035,2015,10,12,11,36,28.5,103.24,-5.32,11.0,2.8,0.0
12893535,2008,4,12,3,57,46.0,105.51,-5.83,11.0,2.9,0.0
12923301,2008,12,5,21,0,36.0,103.75,-5.58,11.0,2.9,0.0
618633110,2019,8,23,19,3,21.7,105.52,-6.61,11.0,2.9,0.0
608080805,2013,11,3,19,40,55.5,104.13,-6.1,11.0,3.0,0.0
12923228,2008,11,29,20,34,19.0,105.16,-6.96,11.0,3.1,0.0
15880035,2010,1,27,23,27,15.6,103.81,-6.39,11.0,3.1,0.0
608081412,2014,1,10,16,24,59.3,102.6,-5.2,11.0,3.1,0.0
608077128,2014,2,22,16,41,47.0,103.09,-6.09,11.0,3.1,0.0
611817499,2016,8,12,20,45,23.9,104.64,-6.87,11.0,3.1,0.0
615351276,2017,8,28,20,51,56.6,105.18,-6.93,11.0,3.1,0.0
621854335,2020,12,31,20,51,17.5,102.48,-5.25,11.0,3.1,0.0
618621875,2018,3,10,3,17,37.4,102.9,-5.47,11.0,3.2,0.0
602028108,2012,7,31,11,54,23.2,105.37,-6.84,11.0,3.3,0.0
608077098,2014,2,17,23,29,56.2,103.65,-5.96,11.0,3.3,0.0
615350388,2017,6,21,11,26,25.4,105.77,-6.94,11.0,3.3,0.0
602013072,2012,3,4,13,31,29.0,103.85,-5.87,11.0,3.4,0.0
602023469,2012,6,12,16,50,55.2,102.32,-5.11,11.0,3.4,0.0
618621909,2018,3,12,12,8,27.3,103.75,-6.08,11.0,3.4,0.0
621460848,2020,1,29,7,34,8.7,102.09,-4.99,11.0,3.4,0.0
602030483,2012,9,19,18,50,44.3,103.76,-6.02,11.0,3.5,0.0
611816905,2016,6,16,21,39,54.8,105.38,-7.16,11.0,3.5,0.0
15855850,2009,12,3,22,59,22.2,102.81,-5.26,11.0,3.7,0.0
15882591,2010,8,15,7,6,9.5,105.45,-7.17,11.0,3.7,0.0
601513524,2010,10,18,12,18,6.3,103.34,-6.3,11.0,3.7,0.0
602002216,2011,2,26,19,33,39.8,104.98,-6.78,11.0,3.7,0.0
618623333,2018,6,26,1,3,28.1,101.97,-4.99,11.0,3.7,0.0
619641066,2018,10,14,13,33,15.7,105.05,-7.0,11.0,3.7,0.0
615352307,2017,10,12,6,2,47.9,105.07,-6.83,11.0,3.8,0.0
618630739,2019,4,16,12,7,30.8,103.86,-6.15,11.0,4.22397,0.0
618632740,2019,8,1,14,9,21.4,104.3,-6.62,11.0,4.62825,0.0
618633505,2019,9,17,10,27,24.9,101.48,-5.96,11.0,4.62825,0.0
15641602,2010,8,3,5,8,18.03,102.1452,-4.758,10.6,4.1229,0.0
601846438,2012,9,19,18,6,39.74,103.5846,-6.0902,10.5,4.02183,0.0
608587676,2016,3,13,22,24,18.35,102.9463,-6.5509,10.3,4.42611,0.0
15850374,2009,4,8,19,41,59.7,103.7,-5.68,10.0,1.8,0.0
611815630,2016,2,15,20,10,12.7,104.06,-5.93,10.0,2.2,0.0
621461566,2020,2,27,23,21,19.1,103.2,-3.92,10.0,2.3,0.0
608081372,2014,1,2,18,29,4.2,104.57,-6.3,10.0,2.4,0.0
611444664,2015,3,19,19,24,3.1,103.78,-6.41,10.0,2.4,0.0
12893436,2008,4,6,6,24,25.0,104.78,-5.2,10.0,2.5,0.0
602016661,2012,4,24,1,39,29.3,102.71,-5.35,10.0,2.5,0.0
618627914,2018,12,27,19,42,44.8,105.48,-6.2,10.0,2.5,0.0
618627983,2018,12,30,19,31,15.1,106.05,-6.81,10.0,2.5,0.0
15880060,2010,1,29,22,22,29.0,104.6,-6.17,10.0,2.6,0.0
602008870,2011,11,5,20,48,4.0,105.34,-5.15,10.0,2.6,0.0
618627874,2018,12,25,11,35,48.2,105.62,-6.13,10.0,2.6,0.0
618627905,2018,12,26,1,47,57.6,105.51,-6.12,10.0,2.6,0.0
621462315,2020,3,25,20,18,20.2,103.73,-5.81,10.0,2.6,0.0
15860739,2009,12,17,8,29,34.4,103.65,-5.28,10.0,2.7,0.0
608078184,2014,8,21,23,6,10.3,103.59,-6.03,10.0,2.7,0.0
611839491,2015,6,11,20,25,21.2,103.59,-5.88,10.0,2.7,0.0
618634825,2019,11,9,15,42,51.6,102.82,-5.31,10.0,2.7,0.0
621462253,2020,3,23,22,43,9.3,105.63,-5.81,10.0,2.7,0.0
621871800,2020,4,13,20,37,34.8,102.46,-5.02,10.0,2.7,0.0
13490987,2008,3,17,20,58,15.0,103.47,-5.56,10.0,2.8,0.0
601515377,2010,12,7,15,45,0.3,103.69,-5.78,10.0,2.8,0.0
602002670,2011,3,6,4,14,10.9,105.28,-5.31,10.0,2.8,0.0
602004015,2011,4,16,17,15,42.0,103.7,-4.12,10.0,2.8,0.0
602017996,2012,5,6,18,31,54.0,102.88,-5.86,10.0,2.8,0.0
602027668,2012,7,14,6,20,56.3,105.64,-6.07,10.0,2.8,0.0
606793457,2012,12,16,22,3,49.3,104.03,-5.91,10.0,2.8,0.0
608081196,2013,12,9,15,56,45.5,104.65,-6.62,10.0,2.8,0.0
608081379,2014,1,3,16,23,39.5,103.62,-6.02,10.0,2.8,0.0
611444503,2015,2,26,7,52,52.1,103.52,-5.91,10.0,2.8,0.0
611444550,2015,3,7,17,39,19.8,105.42,-5.57,10.0,2.8,0.0
611815495,2016,1,27,20,20,42.9,105.21,-5.43,10.0,2.8,0.0
618627871,2018,12,25,13,54,26.3,105.43,-6.07,10.0,2.8,0.0
618628743,2019,1,24,13,17,24.1,105.46,-6.13,10.0,2.8,0.0
618629320,2019,2,9,4,31,24.3,102.96,-5.15,10.0,2.8,0.0
618633421,2019,9,12,8,33,6.2,105.49,-5.75,10.0,2.8,0.0
618633545,2019,9,21,17,40,0.0,102.58,-5.36,10.0,2.8,0.0
15877657,2009,12,29,10,32,12.3,103.4,-5.58,10.0,2.9,0.0
601515595,2010,12,17,17,3,28.1,103.49,-4.07,10.0,2.9,0.0
602015351,2012,4,15,18,43,28.2,103.45,-4.15,10.0,2.9,0.0
608078892,2014,12,15,5,6,34.6,102.93,-5.48,10.0,2.9,0.0
608078908,2014,12,19,20,56,2.5,105.45,-6.16,10.0,2.9,0.0
611840284,2015,6,29,8,51,30.7,103.53,-5.6,10.0,2.9,0.0
611532486,2015,11,11,22,14,24.4,102.76,-6.14,10.0,2.9,0.0
611532869,2015,11,27,6,5,46.9,103.95,-6.61,10.0,2.9,0.0
611532994,2015,12,4,0,35,34.4,104.57,-6.38,10.0,2.9,0.0
611815286,2016,1,6,21,41,52.6,104.16,-3.41,10.0,2.9,0.0
611815281,2016,1,6,23,7,0.6,104.04,-6.39,10.0,2.9,0.0
611816006,2016,3,21,23,48,0.6,104.6,-6.69,10.0,2.9,0.0
618629389,2019,2,13,19,26,37.1,103.96,-5.98,10.0,2.9,0.0
618631151,2019,4,27,5,35,39.6,103.74,-6.12,10.0,2.9,0.0
618631454,2019,5,10,17,43,13.9,103.38,-5.93,10.0,2.9,0.0
618631691,2019,5,21,4,27,12.6,104.0,-5.38,10.0,2.9,0.0
618634683,2019,11,6,16,40,54.8,102.94,-4.82,10.0,2.9,0.0
618635226,2019,11,20,21,46,19.1,103.58,-6.51,10.0,2.9,0.0
618635652,2019,12,13,18,6,8.0,103.09,-5.99,10.0,2.9,0.0
621462467,2020,3,29,3,26,9.2,102.47,-5.09,10.0,2.9,0.0
621871459,2020,4,4,6,36,9.1,102.8,-5.47,10.0,2.9,0.0
621871454,2020,4,4,11,24,7.3,103.27,-6.04,10.0,2.9,0.0
15880031,2010,1,26,9,42,29.1,103.13,-5.17,10.0,3.0,0.0
15880106,2010,2,1,4,34,22.7,103.11,-4.66,10.0,3.0,0.0
15881304,2010,4,25,7,23,50.4,104.05,-5.93,10.0,3.0,0.0
602006984,2011,10,7,13,37,37.5,103.22,-5.13,10.0,3.0,0.0
602012028,2012,1,23,14,39,26.9,106.01,-6.24,10.0,3.0,0.0
602013282,2012,3,13,8,23,53.7,104.13,-6.28,10.0,3.0,0.0
602021993,2012,6,3,8,30,34.6,105.83,-6.46,10.0,3.0,0.0
602027873,2012,7,22,18,21,16.1,103.84,-6.05,10.0,3.0,0.0
611444479,2015,2,21,21,31,23.6,105.05,-4.01,10.0,3.0,0.0
611817767,2016,9,11,16,31,29.4,105.45,-6.08,10.0,3.0,0.0
615345924,2017,3,18,17,32,45.4,105.47,-6.06,10.0,3.0,0.0
615353198,2017,12,27,22,2,27.8,103.31,-6.27,10.0,3.0,0.0
619640870,2018,10,6,18,54,46.0,103.81,-6.32,10.0,3.0,0.0
618627649,2018,12,10,20,29,11.8,103.62,-4.22,10.0,3.0,0.0
618628419,2019,1,13,21,52,45.2,105.4,-5.96,10.0,3.0,0.0
618630987,2019,4,22,21,47,49.0,103.63,-6.5,10.0,3.0,0.0
618635431,2019,12,3,21,14,29.7,103.63,-6.08,10.0,3.0,0.0
618635847,2019,12,24,8,56,40.9,103.15,-5.14,10.0,3.0,0.0
621871992,2020,4,19,19,47,14.3,104.19,-6.64,10.0,3.0,0.0
621872727,2020,5,18,0,19,41.6,105.71,-6.53,10.0,3.0,0.0
621873239,2020,6,16,4,3,2.8,102.53,-5.37,10.0,3.0,0.0
621873413,2020,6,28,10,35,4.3,104.47,-6.4,10.0,3.0,0.0
625085744,2021,1,2,0,23,34.5,103.52,-6.02,10.0,3.0,0.0
602005438,2011,8,29,18,42,40.4,104.49,-6.43,10.0,3.0,0.0
12922369,2008,8,22,18,17,1.0,104.46,-6.79,10.0,3.1,0.0
12923401,2008,12,13,22,16,8.0,104.98,-5.48,10.0,3.1,0.0
15854801,2009,10,28,6,6,41.2,103.48,-4.02,10.0,3.1,0.0
15880261,2010,2,16,18,11,17.6,103.75,-6.49,10.0,3.1,0.0
15881878,2010,6,15,23,4,57.6,103.59,-4.02,10.0,3.1,0.0
602027987,2012,7,25,10,28,51.3,106.03,-6.8,10.0,3.1,0.0
606793318,2012,12,5,16,0,49.8,104.26,-6.38,10.0,3.1,0.0
606793404,2012,12,11,1,19,12.0,104.11,-5.4,10.0,3.1,0.0
608076975,2014,1,29,1,17,20.1,103.36,-5.71,10.0,3.1,0.0
608077745,2014,5,20,22,17,20.5,102.4,-5.09,10.0,3.1,0.0
608078033,2014,7,22,0,8,2.2,103.67,-5.92,10.0,3.1,0.0
611533132,2015,12,11,4,29,57.2,104.34,-6.64,10.0,3.1,0.0
611815467,2016,1,22,0,20,37.7,104.47,-6.03,10.0,3.1,0.0
611818588,2016,12,27,15,34,21.4,105.42,-6.67,10.0,3.1,0.0
615351198,2017,8,21,12,6,10.3,106.1,-5.72,10.0,3.1,0.0
618620389,2018,2,8,21,32,41.4,103.77,-6.27,10.0,3.1,0.0
618622273,2018,4,4,23,13,26.4,103.79,-5.99,10.0,3.1,0.0
618622391,2018,4,11,4,42,48.7,103.57,-6.09,10.0,3.1,0.0
618627546,2018,12,5,14,23,45.1,103.71,-3.9,10.0,3.1,0.0
618627609,2018,12,7,16,25,47.6,103.93,-5.88,10.0,3.1,0.0
618627840,2018,12,23,1,34,22.8,105.46,-6.11,10.0,3.1,0.0
618628345,2019,1,10,11,48,4.3,105.43,-6.06,10.0,3.1,0.0
621461110,2020,2,10,4,18,28.4,103.59,-5.99,10.0,3.1,0.0
621461919,2020,3,10,2,6,7.1,103.87,-6.01,10.0,3.1,0.0
621850997,2020,7,31,8,32,37.5,104.13,-6.24,10.0,3.1,0.0
621854204,2020,12,24,20,41,27.2,102.94,-6.01,10.0,3.1,0.0
602005202,2011,8,18,2,22,40.4,102.93,-4.72,10.0,3.1,0.0
12922746,2008,10,6,8,49,6.0,103.67,-5.59,10.0,3.2,0.0
12922749,2008,10,6,18,49,31.0,105.48,-5.96,10.0,3.2,0.0
15852947,2009,5,11,5,56,48.4,106.04,-6.36,10.0,3.2,0.0
15880162,2010,2,10,15,6,12.9,104.4,-7.19,10.0,3.2,0.0
15880814,2010,4,4,18,34,41.4,105.54,-7.11,10.0,3.2,0.0
15881984,2010,6,24,7,28,18.1,102.62,-5.14,10.0,3.2,0.0
601515126,2010,11,26,5,55,27.6,104.91,-6.83,10.0,3.2,0.0
602009910,2011,11,24,5,21,28.1,104.3,-6.73,10.0,3.2,0.0
602011832,2012,1,16,17,36,2.3,105.42,-6.01,10.0,3.2,0.0
602031108,2012,9,26,14,31,5.2,102.46,-5.08,10.0,3.2,0.0
608080239,2013,9,11,16,34,17.2,104.18,-5.61,10.0,3.2,0.0
608081088,2013,11,25,5,30,33.3,104.59,-6.38,10.0,3.2,0.0
608078916,2014,12,20,8,46,17.0,102.4,-5.05,10.0,3.2,0.0
608078957,2014,12,26,17,18,25.9,104.0,-5.9,10.0,3.2,0.0
611443693,2015,2,7,9,35,28.2,103.24,-5.45,10.0,3.2,0.0
611532366,2015,11,7,6,17,18.2,105.44,-6.08,10.0,3.2,0.0
615345685,2017,2,20,6,59,42.9,103.71,-6.36,10.0,3.2,0.0
618620352,2018,2,5,9,21,8.0,103.77,-5.81,10.0,3.2,0.0
618623184,2018,6,18,13,32,35.6,103.87,-6.07,10.0,3.2,0.0
618623363,2018,6,27,3,39,56.6,103.71,-5.65,10.0,3.2,0.0
618627329,2018,11,27,1,17,32.6,102.87,-5.68,10.0,3.2,0.0
618627866,2018,12,25,22,12,39.6,105.58,-6.63,10.0,3.2,0.0
618628452,2019,1,14,11,27,47.0,105.43,-5.9,10.0,3.2,0.0
618629243,2019,2,6,2,26,58.3,102.48,-5.1,10.0,3.2,0.0
618630659,2019,4,15,21,54,55.9,105.79,-7.18,10.0,3.2,0.0
621872553,2020,5,9,11,34,16.6,104.52,-6.52,10.0,3.2,0.0
621852137,2020,9,8,14,9,5.4,103.73,-6.24,10.0,3.2,0.0
625075943,2021,1,18,10,20,3.2,105.41,-6.6,10.0,3.2,0.0
617454893,2018,7,26,18,43,55.48,102.9186,-5.0028,10.0,3.21327,0.0
12922361,2008,8,22,1,44,4.0,104.13,-6.03,10.0,3.3,0.0
15854523,2009,9,20,11,54,22.9,102.51,-5.19,10.0,3.3,0.0
15881103,2010,4,15,23,6,24.7,105.66,-7.07,10.0,3.3,0.0
15881442,2010,5,7,17,59,2.4,104.09,-6.61,10.0,3.3,0.0
602003199,2011,3,17,5,22,32.4,104.46,-6.55,10.0,3.3,0.0
602016410,2012,4,22,4,45,13.9,104.61,-6.26,10.0,3.3,0.0
602016398,2012,4,22,14,45,5.2,102.32,-5.83,10.0,3.3,0.0
602028708,2012,8,26,11,39,37.8,103.83,-6.1,10.0,3.3,0.0
601997274,2012,10,6,12,59,0.9,103.81,-6.06,10.0,3.3,0.0
606794679,2013,1,15,20,17,12.4,104.93,-6.78,10.0,3.3,0.0
608079726,2013,7,8,6,16,48.0,106.38,-6.25,10.0,3.3,0.0
608079970,2013,8,8,21,57,21.5,103.63,-5.87,10.0,3.3,0.0
608080198,2013,9,7,17,59,14.2,104.57,-6.5,10.0,3.3,0.0
608077711,2014,5,15,13,59,49.6,103.44,-5.64,10.0,3.3,0.0
611443677,2015,2,5,2,46,27.1,103.3,-3.95,10.0,3.3,0.0
611444463,2015,2,18,2,2,18.4,102.34,-5.03,10.0,3.3,0.0
611532939,2015,11,30,3,30,49.3,104.2,-6.45,10.0,3.3,0.0
611815536,2016,2,3,6,32,35.1,103.73,-6.85,10.0,3.3,0.0
611816127,2016,4,3,14,48,27.6,105.73,-7.21,10.0,3.3,0.0
615345301,2017,1,16,0,19,50.0,103.95,-6.03,10.0,3.3,0.0
615351278,2017,8,28,15,59,1.8,103.6,-6.12,10.0,3.3,0.0
615351351,2017,9,1,6,13,45.7,102.3,-4.6,10.0,3.3,0.0
618620195,2018,1,29,1,30,24.8,105.47,-6.01,10.0,3.3,0.0
618621505,2018,2,22,5,40,21.2,105.26,-7.05,10.0,3.3,0.0
618621889,2018,3,11,6,10,57.0,102.43,-5.77,10.0,3.3,0.0
618623561,2018,7,8,19,32,16.9,103.7,-6.32,10.0,3.3,0.0
618631669,2019,5,20,10,18,51.1,102.69,-5.36,10.0,3.3,0.0
618632087,2019,6,17,20,21,21.3,104.66,-5.21,10.0,3.3,0.0
618635162,2019,11,17,11,23,48.5,103.26,-3.92,10.0,3.3,0.0
621462228,2020,3,21,5,11,32.6,105.34,-7.42,10.0,3.3,0.0
621871988,2020,4,19,23,24,53.6,103.57,-7.55,10.0,3.3,0.0
15626292,2010,2,25,20,40,29.83,103.7421,-5.9437,10.0,3.31434,0.0
12894177,2008,5,31,8,13,45.0,103.4,-4.18,10.0,3.4,0.0
12923030,2008,11,14,12,50,37.0,103.6,-5.46,10.0,3.4,0.0
12933596,2009,1,31,23,59,13.0,105.7,-6.35,10.0,3.4,0.0
15881784,2010,6,3,13,56,9.1,103.94,-6.61,10.0,3.4,0.0
601514989,2010,11,19,5,7,18.3,103.65,-5.66,10.0,3.4,0.0
602000878,2011,2,1,3,6,29.7,103.26,-5.72,10.0,3.4,0.0
602003435,2011,3,24,16,16,58.2,105.28,-7.18,10.0,3.4,0.0
602012485,2012,2,12,16,14,6.2,103.41,-5.81,10.0,3.4,0.0
602028539,2012,8,19,4,3,57.0,101.95,-4.92,10.0,3.4,0.0
602029241,2012,9,5,23,26,21.4,103.83,-6.17,10.0,3.4,0.0
608081406,2014,1,9,11,20,28.6,103.37,-5.5,10.0,3.4,0.0
608076955,2014,1,27,7,8,5.7,104.54,-6.53,10.0,3.4,0.0
608077742,2014,5,19,5,54,56.5,102.61,-5.27,10.0,3.4,0.0
608077965,2014,7,5,19,28,9.9,104.1,-5.97,10.0,3.4,0.0
608078384,2014,9,28,17,25,14.0,105.06,-6.92,10.0,3.4,0.0
611531012,2015,7,26,1,57,12.9,103.28,-5.72,10.0,3.4,0.0
611531066,2015,7,29,14,19,26.9,105.75,-7.33,10.0,3.4,0.0
615345897,2017,3,15,14,4,50.9,103.96,-6.51,10.0,3.4,0.0
615346482,2017,5,14,19,13,22.4,103.56,-4.27,10.0,3.4,0.0
615351297,2017,8,29,17,51,40.8,103.7,-6.36,10.0,3.4,0.0
615352272,2017,10,10,21,33,57.7,103.84,-6.34,10.0,3.4,0.0
615353172,2017,12,24,18,44,25.1,104.33,-6.73,10.0,3.4,0.0
618622252,2018,4,2,8,19,26.6,104.08,-5.92,10.0,3.4,0.0
618622590,2018,4,25,10,52,51.9,103.56,-5.9,10.0,3.4,0.0
618622857,2018,5,14,14,2,36.9,105.48,-6.01,10.0,3.4,0.0
618622996,2018,5,29,13,48,0.3,104.06,-5.77,10.0,3.4,0.0
618627963,2018,12,29,12,58,57.4,105.09,-8.09,10.0,3.4,0.0
618631205,2019,4,29,11,31,59.8,104.43,-6.52,10.0,3.4,0.0
618631877,2019,6,3,22,49,57.8,105.61,-6.78,10.0,3.4,0.0
618631959,2019,6,8,15,20,19.7,102.59,-5.2,10.0,3.4,0.0
621461701,2020,3,4,22,9,40.1,105.27,-7.08,10.0,3.4,0.0
621462549,2020,3,31,0,54,41.5,103.61,-5.82,10.0,3.4,0.0
621872541,2020,5,8,17,33,55.0,103.53,-4.08,10.0,3.4,0.0
621872865,2020,5,29,11,34,46.4,104.44,-6.79,10.0,3.4,0.0
621850889,2020,7,22,6,36,35.3,102.73,-5.38,10.0,3.4,0.0
2794845,2001,4,19,8,12,51.05,102.5404,-5.5971,10.0,3.41541,0.0
600846219,2012,2,25,21,34,9.1,103.1141,-5.5186,10.0,3.41541,0.0
608100742,2015,10,25,16,59,24.22,105.2849,-7.1233,10.0,3.41541,0.0
12922884,2008,10,25,22,11,43.0,103.4,-5.14,10.0,3.5,0.0
12923053,2008,11,16,16,11,36.0,105.3,-7.15,10.0,3.5,0.0
15854671,2009,10,6,21,7,23.0,102.76,-6.5,10.0,3.5,0.0
15877660,2009,12,29,3,37,5.2,103.47,-5.24,10.0,3.5,0.0
15882274,2010,7,29,7,5,51.1,103.98,-5.65,10.0,3.5,0.0
601513262,2010,10,4,4,20,17.5,103.99,-6.48,10.0,3.5,0.0
601513317,2010,10,7,13,31,19.7,102.88,-4.18,10.0,3.5,0.0
602004322,2011,5,18,20,30,5.3,105.4,-6.84,10.0,3.5,0.0
602012993,2012,3,1,19,54,13.6,103.98,-6.57,10.0,3.5,0.0
608079850,2013,7,22,22,22,52.3,105.06,-7.06,10.0,3.5,0.0
608081053,2013,11,23,20,55,37.9,105.23,-7.12,10.0,3.5,0.0
611444481,2015,2,21,8,2,1.0,103.34,-6.24,10.0,3.5,0.0
611529067,2015,4,8,2,17,51.8,104.3,-6.3,10.0,3.5,0.0
611529093,2015,4,11,17,45,13.9,104.57,-6.8,10.0,3.5,0.0
611531652,2015,9,13,5,48,45.5,105.57,-6.58,10.0,3.5,0.0
611532731,2015,11,22,20,33,37.1,105.74,-7.28,10.0,3.5,0.0
611816068,2016,3,26,5,18,58.8,105.33,-7.28,10.0,3.5,0.0
611817345,2016,7,21,4,51,26.8,105.36,-7.15,10.0,3.5,0.0
611818432,2016,12,8,11,21,37.7,102.03,-4.86,10.0,3.5,0.0
615352271,2017,10,10,22,40,4.4,104.67,-6.81,10.0,3.5,0.0
615353098,2017,12,14,16,47,21.6,104.93,-7.22,10.0,3.5,0.0
618619841,2018,1,17,16,3,25.6,105.24,-5.66,10.0,3.5,0.0
618620409,2018,2,9,20,8,42.1,104.13,-5.98,10.0,3.5,0.0
618621470,2018,2,20,14,40,3.6,103.4,-5.66,10.0,3.5,0.0
618621597,2018,2,27,22,12,21.3,105.17,-7.03,10.0,3.5,0.0
618621820,2018,3,8,23,10,47.8,105.54,-5.93,10.0,3.5,0.0
618622030,2018,3,19,19,16,11.9,105.55,-5.97,10.0,3.5,0.0
618622533,2018,4,20,15,17,57.5,103.97,-6.61,10.0,3.5,0.0
618625345,2018,8,17,22,48,48.1,103.12,-6.4,10.0,3.5,0.0
618630363,2019,4,8,18,54,28.2,101.93,-6.51,10.0,3.5,0.0
618634808,2019,11,8,7,58,10.7,103.72,-5.52,10.0,3.5,0.0
618635121,2019,11,16,3,55,36.2,102.88,-5.9,10.0,3.5,0.0
621871681,2020,4,9,8,56,49.3,104.62,-6.74,10.0,3.5,0.0
621871771,2020,4,12,10,20,4.7,103.44,-5.73,10.0,3.5,0.0
621871885,2020,4,15,23,3,18.6,104.92,-3.83,10.0,3.5,0.0
621872592,2020,5,11,18,7,41.6,104.38,-6.58,10.0,3.5,0.0
621872784,2020,5,23,21,43,12.2,104.15,-6.19,10.0,3.5,0.0
621852832,2020,10,8,4,57,16.8,103.98,-6.4,10.0,3.5,0.0
621853454,2020,11,18,7,22,39.1,105.33,-7.13,10.0,3.5,0.0
298877,1992,3,7,17,29,37.43,101.9658,-5.9625,10.0,3.5,0.0
604160136,2014,1,4,2,26,40.81,103.5527,-6.2814,10.0,3.51648,0.0
608097863,2015,9,15,10,4,42.78,105.6448,-6.9548,10.0,3.51648,0.0
609915782,2016,10,19,16,42,6.96,104.6185,-8.5563,10.0,3.51648,0.0
617444032,2017,11,11,15,39,15.98,102.6306,-4.5726,10.0,3.51648,0.0
618191856,2020,4,14,8,46,38.6,105.4475,-7.1909,10.0,3.51648,0.0
12893559,2008,4,13,22,43,58.0,104.1,-5.6,10.0,3.6,0.0
15850465,2009,4,15,11,53,12.6,105.42,-3.77,10.0,3.6,0.0
601988559,2011,1,1,6,19,33.1,105.41,-7.0,10.0,3.6,0.0
602011861,2012,1,18,23,4,15.6,103.72,-5.94,10.0,3.6,0.0
602019187,2012,5,14,13,46,58.6,104.01,-6.35,10.0,3.6,0.0
602027383,2012,7,2,10,50,0.3,102.41,-6.41,10.0,3.6,0.0
608079868,2013,7,25,18,52,57.1,105.34,-7.18,10.0,3.6,0.0
608078257,2014,9,6,20,33,32.9,104.39,-6.79,10.0,3.6,0.0
608078400,2014,10,1,0,59,43.3,103.69,-6.45,10.0,3.6,0.0
608078864,2014,12,12,9,38,21.1,104.41,-6.34,10.0,3.6,0.0
611817198,2016,7,3,14,50,19.6,104.0,-6.59,10.0,3.6,0.0
615345747,2017,2,26,2,49,48.4,104.14,-6.29,10.0,3.6,0.0
615345788,2017,3,2,5,17,34.6,103.56,-5.78,10.0,3.6,0.0
615351535,2017,9,16,15,24,30.8,104.43,-6.66,10.0,3.6,0.0
618621399,2018,2,14,19,53,57.2,103.67,-6.34,10.0,3.6,0.0
618622013,2018,3,17,0,25,0.3,102.82,-5.46,10.0,3.6,0.0
618622426,2018,4,14,21,29,11.4,105.49,-6.02,10.0,3.6,0.0
618622663,2018,4,30,3,23,7.1,103.3,-6.32,10.0,3.6,0.0
618623720,2018,7,21,14,24,31.7,105.8,-4.83,10.0,3.6,0.0
618628655,2019,1,21,22,17,1.3,102.4,-5.13,10.0,3.6,0.0
621872184,2020,4,25,23,37,2.4,102.12,-6.21,10.0,3.6,0.0
621873352,2020,6,24,5,37,39.6,105.11,-6.78,10.0,3.6,0.0
621853200,2020,11,1,1,3,18.3,105.41,-7.18,10.0,3.6,0.0
1041351,1997,9,12,5,51,2.75,102.2774,-5.4982,10.0,3.61755,0.0
606932569,2015,1,31,10,45,12.87,102.4103,-5.6822,10.0,3.61755,0.0
606933634,2015,2,14,17,52,59.49,103.9096,-6.5243,10.0,3.61755,0.0
607511103,2015,6,28,10,43,51.57,102.3381,-4.6584,10.0,3.61755,0.0
608129584,2015,11,17,9,2,55.55,103.1595,-5.3928,10.0,3.61755,0.0
609912126,2016,9,13,12,49,11.99,103.5869,-6.085,10.0,3.61755,0.0
611018399,2017,8,5,15,46,51.86,102.2587,-5.6115,10.0,3.61755,0.0
617446937,2018,1,30,17,54,54.38,103.5813,-5.7754,10.0,3.61755,0.0
617447745,2018,2,17,16,20,15.27,105.4193,-5.9601,10.0,3.61755,0.0
617454591,2018,7,19,7,42,37.32,102.3456,-4.5535,10.0,3.61755,0.0
617459504,2018,11,2,14,13,34.61,103.0782,-4.7985,10.0,3.61755,0.0
617459644,2018,11,6,15,40,33.06,102.8895,-5.8377,10.0,3.61755,0.0
617418145,2019,4,9,6,44,7.14,104.0276,-6.5906,10.0,3.61755,0.0
617418951,2019,4,19,5,27,20.82,103.2101,-5.6613,10.0,3.61755,0.0
617818070,2020,3,16,21,59,15.55,103.5718,-6.4403,10.0,3.61755,0.0
618710391,2020,7,27,20,31,9.13,104.4757,-6.3149,10.0,3.61755,0.0
601515241,2010,12,1,8,22,5.3,104.09,-5.83,10.0,3.7,0.0
601515345,2010,12,6,19,6,53.8,105.64,-7.3,10.0,3.7,0.0
602011819,2012,1,15,12,42,2.3,104.06,-6.38,10.0,3.7,0.0
602013533,2012,3,29,20,7,17.9,104.98,-6.97,10.0,3.7,0.0
608080082,2013,8,22,4,51,51.3,103.22,-5.49,10.0,3.7,0.0
608081361,2013,12,30,4,13,33.6,105.08,-6.85,10.0,3.7,0.0
611402988,2015,1,16,2,1,12.6,105.04,-3.74,10.0,3.7,0.0
615345398,2017,1,23,14,58,45.3,103.3,-4.55,10.0,3.7,0.0
615345785,2017,3,2,10,14,20.0,104.04,-6.21,10.0,3.7,0.0
615351225,2017,8,23,13,42,6.1,105.33,-7.0,10.0,3.7,0.0
615351422,2017,9,7,3,35,46.3,105.02,-7.31,10.0,3.7,0.0
618624404,2018,8,2,17,17,3.1,102.49,-6.01,10.0,3.7,0.0
618629267,2019,2,7,16,38,24.7,103.85,-6.96,10.0,3.7,0.0
618631738,2019,5,24,7,57,4.6,104.09,-5.97,10.0,3.7,0.0
621461456,2020,2,23,22,19,28.8,104.04,-6.22,10.0,3.7,0.0
621851647,2020,8,18,1,43,34.0,103.5,-7.16,10.0,3.7,0.0
13290007,2007,12,15,10,36,53.35,104.4706,-6.0904,10.0,3.71862,0.0
602856092,2013,1,20,15,21,27.25,105.4751,-4.2954,10.0,3.71862,0.0
604006604,2013,12,7,20,38,56.78,102.4716,-5.7454,10.0,3.71862,0.0
606913513,2014,4,2,21,29,49.58,102.8221,-5.1822,10.0,3.71862,0.0
606933734,2015,2,15,23,23,36.37,103.4785,-6.7911,10.0,3.71862,0.0
608347062,2016,1,6,20,54,29.37,104.096,-3.3975,10.0,3.71862,0.0
609913652,2016,9,24,12,28,23.5,105.1741,-8.458,10.0,3.71862,0.0
617422307,2019,6,3,14,2,4.82,102.6552,-6.4306,10.0,3.71862,0.0
617491594,2020,1,27,1,27,31.82,105.2576,-5.6558,10.0,3.71862,0.0
619518518,2020,10,22,20,24,58.01,103.4541,-5.6603,10.0,3.71862,0.0
12894094,2008,5,22,18,28,26.0,104.07,-6.66,10.0,3.8,0.0
12894121,2008,5,25,0,52,29.0,105.4,-5.77,10.0,3.8,0.0
12923216,2008,11,28,11,21,25.0,104.12,-5.87,10.0,3.8,0.0
15855170,2009,12,1,2,8,37.8,103.99,-5.92,10.0,3.8,0.0
601515425,2010,12,9,0,3,7.8,103.46,-4.11,10.0,3.8,0.0
601988908,2011,1,6,22,45,2.4,103.65,-6.75,10.0,3.8,0.0
602004268,2011,5,13,7,26,46.0,103.05,-7.11,10.0,3.8,0.0
602023192,2012,6,10,15,42,46.3,104.25,-7.73,10.0,3.8,0.0
602026224,2012,6,21,22,42,49.1,102.47,-6.24,10.0,3.8,0.0
606792922,2012,11,7,7,16,12.1,101.96,-4.86,10.0,3.8,0.0
608079535,2013,6,21,14,55,5.8,105.53,-6.74,10.0,3.8,0.0
608079882,2013,7,27,18,46,33.4,105.48,-6.3,10.0,3.8,0.0
611444490,2015,2,24,12,34,29.5,105.32,-6.87,10.0,3.8,0.0
611444675,2015,3,19,4,18,4.49,101.9414,-4.8651,10.0,3.8,0.0
611532090,2015,10,16,1,43,58.6,105.71,-7.59,10.0,3.8,0.0
611532687,2015,11,20,20,10,53.2,105.52,-7.49,10.0,3.8,0.0
611815967,2016,3,14,10,43,34.9,102.35,-6.88,10.0,3.8,0.0
611817367,2016,7,23,10,29,43.4,104.2,-3.44,10.0,3.8,0.0
615346613,2017,5,25,14,20,8.4,103.43,-6.06,10.0,3.8,0.0
618621420,2018,2,16,16,13,59.3,103.1,-4.1,10.0,3.8,0.0
618623357,2018,6,27,5,52,39.0,102.36,-6.11,10.0,3.8,0.0
618623748,2018,7,22,3,32,43.8,104.08,-5.89,10.0,3.8,0.0
618630773,2019,4,16,0,7,49.0,103.45,-5.89,10.0,3.8,0.0
618632240,2019,6,25,1,55,0.3,103.23,-6.07,10.0,3.8,0.0
618634835,2019,11,9,6,2,53.9,103.82,-5.6,10.0,3.8,0.0
621851126,2020,8,4,16,37,30.4,101.97,-5.17,10.0,3.8,0.0
621851608,2020,8,18,19,23,19.6,102.05,-6.47,10.0,3.8,0.0
999152,1996,11,27,13,3,0.1,103.3621,-7.5575,10.0,3.81969,0.0
1045656,1997,10,4,22,4,9.93,103.7775,-6.4681,10.0,3.81969,0.0
7331112,2004,4,16,22,26,36.0,101.7346,-5.9458,10.0,3.81969,0.0
12695950,2008,4,29,2,6,24.81,103.8094,-6.4539,10.0,3.81969,0.0
17205479,2011,6,7,11,28,15.56,103.4459,-3.9845,10.0,3.81969,0.0
604006585,2013,12,7,13,23,53.34,103.7861,-6.4008,10.0,3.81969,0.0
606932295,2015,1,27,5,50,59.71,102.0013,-4.8708,10.0,3.81969,0.0
611443630,2015,2,2,21,36,23.19,103.9199,-6.0001,10.0,3.81969,0.0
611532172,2015,10,21,18,56,47.81,104.3572,-6.7049,10.0,3.81969,0.0
610545768,2017,3,8,1,1,5.66,105.4763,-6.1047,10.0,3.81969,0.0
610653210,2017,4,21,16,9,22.9,103.7214,-6.4931,10.0,3.81969,0.0
611003601,2017,8,30,14,7,54.41,103.6498,-6.451,10.0,3.81969,0.0
611164083,2017,9,19,17,17,43.87,102.3369,-6.1223,10.0,3.81969,0.0
617448832,2018,3,4,9,9,45.33,105.3692,-7.3125,10.0,3.81969,0.0
617411190,2019,1,20,23,34,31.43,102.7551,-6.8969,10.0,3.81969,0.0
619460379,2020,9,23,11,53,17.22,103.3476,-6.3319,10.0,3.81969,0.0
625075921,2021,1,16,1,42,55.2,103.9174,-6.0438,10.0,3.81969,0.0
15854771,2009,10,23,8,34,21.3,106.16,-6.19,10.0,3.9,0.0
15880765,2010,4,1,19,31,9.1,105.67,-6.81,10.0,3.9,0.0
602015616,2012,4,17,0,52,23.4,105.12,-7.26,10.0,3.9,0.0
602020755,2012,5,26,12,29,44.6,103.51,-5.45,10.0,3.9,0.0
606793615,2012,12,27,13,35,12.7,104.06,-6.61,10.0,3.9,0.0
608078837,2014,12,7,12,21,42.6,103.23,-5.32,10.0,3.9,0.0
611532705,2015,11,21,11,37,59.0,105.47,-6.88,10.0,3.9,0.0
615350581,2017,7,9,12,43,31.1,103.53,-5.53,10.0,3.9,0.0
615350824,2017,8,1,3,2,11.7,104.54,-6.51,10.0,3.9,0.0
618622737,2018,5,5,0,6,40.2,104.05,-5.95,10.0,3.9,0.0
618624758,2018,8,7,17,26,47.6,102.49,-7.0,10.0,3.9,0.0
618625852,2018,8,23,4,29,19.1,103.85,-6.78,10.0,3.9,0.0
618627439,2018,12,2,23,46,9.8,105.15,-6.99,10.0,3.9,0.0
618628353,2019,1,10,10,47,37.6,105.49,-6.2,10.0,3.9,0.0
618629854,2019,3,12,23,44,12.0,103.89,-6.78,10.0,3.9,0.0
936746,1997,8,15,17,42,18.66,104.6921,-3.8578,10.0,3.92076,0.0
2779143,2000,8,18,9,32,40.04,103.208,-5.3529,10.0,3.92076,0.0
603354330,2013,7,30,7,58,18.58,105.2197,-7.179,10.0,3.92076,0.0
606623100,2014,11,29,16,39,44.4,104.3039,-7.5041,10.0,3.92076,0.0
617443274,2017,10,19,2,19,46.06,102.8357,-6.6309,10.0,3.92076,0.0
611530025,2017,11,10,1,7,37.17,103.529,-4.2234,10.0,3.92076,0.0
611650412,2017,12,27,7,2,8.54,105.056,-7.9865,10.0,3.92076,0.0
617455841,2018,8,15,11,49,0.35,104.1672,-6.8168,10.0,3.92076,0.0
619261511,2020,9,12,22,52,46.61,104.169,-8.0777,10.0,3.92076,0.0
15883268,2010,9,28,10,54,43.7,102.26,-6.46,10.0,4.0,0.0
602028576,2012,8,20,13,51,47.4,102.22,-4.83,10.0,4.0,0.0
611817001,2016,6,21,8,1,43.5,103.47,-4.81,10.0,4.0,0.0
611817049,2016,6,24,13,39,27.5,104.6,-6.76,10.0,4.0,0.0
767765,1972,11,27,0,27,47.87,104.6337,-8.2094,10.0,4.02183,0.0
1032559,1997,6,17,12,52,14.87,102.7254,-5.0027,10.0,4.02183,0.0
13292361,2007,12,19,3,7,54.47,103.3508,-3.8955,10.0,4.02183,0.0
603990370,2013,11,5,8,48,50.7,102.3528,-5.0907,10.0,4.02183,0.0
604005217,2013,12,27,11,44,48.93,102.2211,-5.1753,10.0,4.02183,0.0
606621180,2014,11,9,1,6,33.28,104.1368,-6.7419,10.0,4.02183,0.0
610120639,2016,12,13,21,54,35.49,103.4708,-6.3149,10.0,4.02183,0.0
611874543,2018,3,26,19,43,6.67,103.3992,-7.353,10.0,4.02183,0.0
617451866,2018,5,10,19,43,4.25,105.5259,-6.4008,10.0,4.02183,0.0
618164523,2020,4,11,5,8,27.61,104.1166,-7.8558,10.0,4.02183,0.0
606808430,2013,5,15,4,52,42.6,105.18,-6.95,10.0,4.1,0.0
618621447,2018,2,18,7,47,34.2,105.44,-6.87,10.0,4.1,0.0
1011095,1997,2,14,4,36,47.72,102.1149,-4.768,10.0,4.1229,0.0
7227262,2004,1,5,8,59,25.6,103.6053,-6.8661,10.0,4.1229,0.0
16101744,2009,6,26,9,45,52.75,103.5894,-6.7848,10.0,4.1229,0.0
604646128,2013,8,17,7,31,10.55,105.2689,-7.0251,10.0,4.1229,0.0
603990016,2013,10,29,4,58,16.19,102.9404,-7.1445,10.0,4.1229,0.0
606933597,2015,2,14,10,15,51.06,102.8847,-7.0166,10.0,4.1229,0.0
608095886,2015,8,14,14,4,9.49,103.8119,-7.5928,10.0,4.1229,0.0
608579266,2016,3,31,20,27,9.67,104.6103,-7.5602,10.0,4.1229,0.0
617458377,2018,10,6,1,17,38.21,101.84,-5.2672,10.0,4.1229,0.0
618635937,2019,12,30,18,44,1.2,103.8,-6.62,10.0,4.1229,0.0
619764496,2021,1,8,1,33,6.94,105.1437,-5.4995,10.0,4.1229,0.0
10599888,2006,3,8,21,4,31.68,105.1632,-6.8535,10.0,4.22397,0.0
15633979,2010,5,19,7,47,13.1,105.3975,-7.2939,10.0,4.22397,0.0
602390334,2012,12,2,7,20,30.89,103.814,-6.3681,10.0,4.22397,0.0
603987009,2013,9,1,14,2,0.18,103.5072,-6.7817,10.0,4.22397,0.0
608098937,2015,9,24,4,21,35.01,103.1256,-7.2325,10.0,4.22397,0.0
615042635,2016,11,16,20,47,32.9,102.6006,-7.1127,10.0,4.22397,0.0
611164340,2017,9,23,9,2,56.93,104.9186,-6.7646,10.0,4.22397,0.0
611710969,2018,2,8,23,2,3.41,105.1821,-8.4583,10.0,4.22397,0.0
614615316,2019,1,13,18,38,46.63,105.3572,-5.7421,10.0,4.22397,0.0
7252759,2004,2,19,2,59,17.93,104.6879,-6.8513,10.0,4.32504,0.0
602934565,2013,4,20,21,42,46.88,104.7655,-6.6744,10.0,4.32504,0.0
608496890,2016,2,21,23,5,38.14,104.7785,-7.5077,10.0,4.32504,0.0
610789351,2017,6,23,18,0,13.19,105.6225,-7.0138,10.0,4.32504,0.0
611214211,2017,10,23,10,7,16.37,104.0331,-8.1723,10.0,4.32504,0.0
619641062,2018,10,14,11,30,43.9,105.31,-7.25,10.0,4.32504,0.0
3272413,2001,3,16,11,12,54.28,102.3593,-5.5146,10.0,4.4,0.0
16953019,2011,8,16,7,37,54.02,105.832,-7.0011,10.0,4.42611,0.0
607515051,2015,6,15,13,33,6.44,104.4148,-8.0262,10.0,4.42611,0.0
608096673,2015,8,28,17,40,2.18,104.1442,-7.894,10.0,4.42611,0.0
608100500,2015,10,21,23,39,27.5,104.2623,-7.9242,10.0,4.42611,0.0
608187645,2015,12,14,0,50,54.06,103.5423,-7.2881,10.0,4.42611,0.0
608498954,2016,2,12,23,42,26.37,103.5498,-6.3133,10.0,4.42611,0.0
618632817,2019,8,7,19,22,12.1,105.21,-8.1,10.0,4.42611,0.0
618091715,2020,4,3,0,59,30.79,104.3796,-6.8205,10.0,4.42611,0.0
621872891,2020,5,30,0,2,34.5,105.5,-6.94,10.0,4.42611,0.0
618693013,2020,7,9,16,35,33.59,104.3517,-6.4575,10.0,4.42611,0.0
619454673,2020,10,4,17,16,29.01,102.4023,-6.4639,10.0,4.42611,0.0
12936833,2007,7,9,13,9,23.0,105.51,-5.98,10.0,4.5,0.0
108004,1995,4,5,17,9,55.32,103.8782,-6.0639,10.0,4.52718,0.0
110557,1995,4,22,16,5,47.54,103.942,-6.6094,10.0,4.52718,0.0
602391877,2012,12,22,16,46,33.41,105.528,-7.814,10.0,4.52718,0.0
603812017,2013,11,24,9,44,51.55,105.6421,-7.5696,10.0,4.52718,0.0
607262711,2015,4,12,11,7,45.09,103.5371,-6.177,10.0,4.52718,0.0
608185878,2015,12,26,10,16,52.81,102.6338,-5.7018,10.0,4.52718,0.0
618619862,2018,1,18,12,12,57.9,101.93,-6.35,10.0,4.52718,0.0
618621751,2018,3,4,6,46,34.2,105.39,-7.5,10.0,4.52718,0.0
618621825,2018,3,8,18,42,38.1,104.39,-6.46,10.0,4.52718,0.0
611932978,2018,4,27,19,48,14.08,104.1069,-7.9871,10.0,4.52718,0.0
618630190,2019,3,27,4,4,41.7,103.45,-7.32,10.0,4.52718,0.0
618631821,2019,5,29,6,6,6.0,104.12,-6.61,10.0,4.52718,0.0
616965950,2019,12,5,23,28,6.81,103.7007,-7.5146,10.0,4.52718,0.0
617532394,2020,1,21,8,49,10.81,103.683,-7.8489,10.0,4.52718,0.0
11362747,2008,10,26,7,25,5.03,102.5214,-5.6586,10.0,4.62825,0.0
610862152,2017,7,26,0,21,48.29,101.191,-5.9029,10.0,4.62825,0.0
613516268,2018,10,28,15,18,21.97,103.67,-5.9911,10.0,4.62825,0.0
614614620,2019,2,6,5,48,54.41,104.1207,-8.2635,10.0,4.62825,0.0
618710955,2020,8,7,15,13,43.74,104.3443,-7.7686,10.0,4.62825,0.0
1654830,1999,7,29,11,28,7.22,103.5645,-5.6071,10.0,4.72932,0.0
6702327,2003,4,29,19,9,2.77,102.8829,-7.4756,10.0,4.72932,0.0
7370692,2004,7,12,9,30,35.42,103.2152,-7.2989,10.0,4.72932,0.0
16339748,2011,2,15,18,14,8.58,103.5953,-6.55,10.0,4.72932,0.0
600862526,2012,4,12,11,1,57.92,103.2852,-5.9316,10.0,4.72932,0.0
605187511,2014,9,1,18,54,54.61,103.2486,-3.9653,10.0,4.72932,0.0
608498046,2016,3,21,18,36,4.81,101.7462,-6.1763,10.0,4.72932,0.0
618538279,2020,6,12,10,51,1.53,105.3418,-8.1865,10.0,4.72932,0.0
618704323,2020,7,29,16,23,26.95,103.5761,-7.4336,10.0,4.72932,0.0
601626462,2012,8,26,11,27,4.5,103.5727,-6.1142,10.0,4.83039,0.0
608338814,2016,2,20,3,23,23.49,102.3118,-6.6794,10.0,4.83039,0.0
611072067,2017,10,2,18,46,36.28,102.4782,-6.9444,10.0,4.83039,0.0
611533678,2017,11,26,19,6,38.95,105.4768,-6.0711,10.0,4.93146,0.0
619765629,2021,1,27,10,40,20.88,103.6613,-5.1771,10.0,4.93146,0.0
615747643,2019,2,19,18,46,40.95,101.737,-6.6138,10.0,5.23467,0.0
796729,1970,4,14,8,27,49.28,105.3469,-5.8307,10.0,5.33574,0.0
757954,1973,7,4,23,38,49.14,104.4811,-7.6466,10.0,5.33574,0.0
718336,1976,2,28,0,12,7.27,105.5161,-5.6081,10.0,5.33574,0.0
687346,1978,1,7,13,44,16.31,102.1475,-5.1993,10.0,5.33574,0.0
608187392,2015,12,10,16,43,44.32,104.431,-6.7545,9.2,4.52718,0.0
12893922,2008,5,9,1,42,12.0,105.77,-5.72,9.0,2.7,0.0
12922419,2008,8,27,4,0,57.0,103.68,-5.65,9.0,2.8,0.0
12921865,2008,7,11,21,45,57.0,103.63,-6.26,9.0,3.5,0.0
15608506,2010,10,13,21,59,41.93,103.2724,-7.1288,8.6,4.52718,0.0
617427228,2019,7,30,19,20,20.41,104.0889,-6.635,8.3,4.02183,0.0
13478530,2008,3,1,18,14,23.0,103.32,-4.75,8.0,2.7,0.0
600057060,2011,11,5,17,54,26.42,104.7884,-6.9215,8.0,4.62825,0.0
607809595,2015,9,24,3,34,29.69,103.0014,-7.2787,7.7,4.52718,0.0
12921989,2008,7,22,22,4,54.0,104.77,-5.23,7.0,2.4,0.0
606623158,2014,11,30,4,46,55.07,105.7428,-6.5016,6.2,3.92076,0.0
286743,1992,6,12,12,29,40.4,105.2,-7.0,6.0,2.2,0.0
603366879,2013,7,2,22,13,10.39,103.3777,-5.9563,5.0,4.1229,0.0
12922393,2008,8,25,0,55,28.0,104.37,-5.78,4.0,2.5,0.0
15854781,2009,10,24,2,22,8.0,104.17,-5.43,4.0,3.5,0.0
308467,1992,1,25,19,9,12.0,105.9,-7.0,3.0,2.2,0.0
12922786,2008,10,11,19,38,27.0,103.75,-4.98,3.0,3.2,0.0
605725802,2014,10,16,14,46,5.6,102.8957,-5.3714,2.1,3.71862,0.0
285397,1992,6,2,14,48,43.2,105.3,-7.1,2.0,2.2,0.0
307353,1992,1,15,19,32,28.8,104.5,-6.2,2.0,2.4,0.0
286418,1992,6,10,0,35,12.2,106.0,-6.5,2.0,2.4,0.0
299443,1992,3,12,1,15,59.9,105.5,-7.2,2.0,2.6,0.0
284577,1992,7,28,9,38,9.6,105.4,-7.1,2.0,2.6,0.0
300372,1992,3,19,13,19,12.5,103.9,-6.5,2.0,2.8,0.0
278686,1992,8,23,19,33,41.4,105.2,-6.8,2.0,2.9,0.0
275719,1992,8,3,3,25,32.9,105.1,-7.1,2.0,3.7,0.0
12922852,2008,10,20,22,12,26.0,105.2,-7.29,2.0,3.9,0.0
1043793,1997,9,27,1,57,33.7,102.8791,-6.4207,2.0,3.9,0.0
12922397,2008,8,25,15,33,40.0,104.09,-5.81,2.0,4.1,0.0
1055460,1997,11,29,18,38,29.3,103.683,-5.5995,2.0,4.6,0.0
303151,1992,2,8,17,29,32.0,104.9,-6.9,2.0,4.8,0.0
264127,1992,11,23,14,27,29.5,104.9,-6.7,2.0,4.8,0.0
256200,1992,12,6,10,35,35.9,105.0,-7.0,2.0,4.8,0.0
259134,1992,12,25,22,32,21.5,104.3,-6.7,2.0,4.8,0.0
262783,1992,11,15,13,2,10.2,105.3,-7.1,2.0,4.9,0.0
600222221,2011,12,16,8,16,3.07,104.7513,-6.7159,0.9,3.71862,0.0
3756717,2002,1,21,14,33,31.65,104.129,-4.5328,0.0,3.1122,0.0
7446251,2004,12,6,15,48,12.12,101.4814,-5.2948,0.0,3.21327,0.0
602389977,2012,11,25,14,49,55.08,103.6245,-5.1027,0.0,3.21327,0.0
606910708,2014,2,8,17,26,6.89,104.4896,-4.4398,0.0,3.21327,0.0
1175396,1998,8,8,11,59,59.3,103.4191,-3.8775,0.0,3.31434,0.0
3267390,2001,1,25,10,49,48.15,104.0649,-4.147,0.0,3.31434,0.0
3269286,2001,2,13,20,24,15.04,102.5782,-5.5223,0.0,3.31434,0.0
3271672,2001,3,7,23,19,20.51,104.8801,-3.6361,0.0,3.31434,0.0
7211267,2003,12,17,17,24,36.75,103.8556,-3.8199,0.0,3.31434,0.0
9595074,2006,4,17,12,35,39.4,105.6318,-6.5767,0.0,3.31434,0.0
11910203,2008,9,13,20,10,30.18,104.618,-4.9722,0.0,3.31434,0.0
601104198,2012,4,2,8,49,22.45,103.8399,-6.5301,0.0,3.31434,0.0
601863958,2012,9,21,16,10,2.77,102.8005,-6.4889,0.0,3.31434,0.0
606941196,2013,3,22,12,15,32.82,103.1013,-4.8664,0.0,3.31434,0.0
606930441,2014,12,29,11,19,42.69,105.148,-7.1634,0.0,3.31434,0.0
12939108,2007,8,13,17,24,22.0,105.75,-5.7,0.0,3.4,0.0
1095184,1998,4,28,21,28,13.0,102.5906,-5.8638,0.0,3.41541,0.0
3321179,2001,6,2,20,52,15.19,103.1111,-4.0852,0.0,3.41541,0.0
3332567,2001,9,26,17,26,57.16,104.1046,-3.7373,0.0,3.41541,0.0
6686972,2003,4,4,13,9,47.98,101.9044,-5.5977,0.0,3.41541,0.0
7406404,2004,9,29,16,42,1.3,102.429,-5.797,0.0,3.41541,0.0
9601917,2006,7,31,18,18,25.84,103.8209,-5.991,0.0,3.41541,0.0
13237719,2007,10,8,8,12,46.09,104.2483,-3.1768,0.0,3.41541,0.0
12079364,2008,12,29,6,10,20.8,102.7018,-4.6664,0.0,3.41541,0.0
15957450,2009,2,27,12,0,35.84,103.9036,-5.2028,0.0,3.41541,0.0
15852906,2009,4,21,10,46,40.99,104.5549,-3.7784,0.0,3.41541,0.0
17148150,2010,2,13,19,21,4.13,101.6446,-5.4201,0.0,3.41541,0.0
17181981,2010,9,11,19,36,39.34,103.7478,-6.2332,0.0,3.41541,0.0
17183487,2010,10,10,7,47,55.51,103.0988,-6.2733,0.0,3.41541,0.0
600734404,2012,1,24,0,46,39.59,101.8577,-5.3256,0.0,3.41541,0.0
601104197,2012,4,2,8,46,37.69,102.2636,-5.5121,0.0,3.41541,0.0
606939206,2013,3,5,19,5,37.39,102.1243,-5.708,0.0,3.41541,0.0
606942440,2013,5,13,18,52,32.15,103.9105,-6.187,0.0,3.41541,0.0
606911057,2014,2,16,12,40,8.74,101.7726,-4.9534,0.0,3.41541,0.0
608128807,2015,11,8,10,13,15.0,103.3439,-3.862,0.0,3.41541,0.0
608187983,2015,12,19,15,51,32.59,102.1656,-4.6796,0.0,3.41541,0.0
608587116,2016,3,5,16,17,1.22,102.3039,-6.9144,0.0,3.41541,0.0
617444880,2017,12,5,8,58,59.11,102.6458,-5.455,0.0,3.41541,0.0
617459928,2018,11,15,8,34,44.83,102.3315,-5.739,0.0,3.41541,0.0
618590674,2020,6,11,22,47,38.75,104.7634,-7.804,0.0,3.41541,0.0
2773068,2000,6,13,16,3,55.72,104.9014,-3.9521,0.0,3.51648,0.0
2779627,2000,8,25,13,25,51.37,104.3789,-4.7368,0.0,3.51648,0.0
3264596,2000,12,13,9,57,8.62,103.1846,-5.199,0.0,3.51648,0.0
3269421,2001,2,14,16,32,50.64,104.9833,-3.3941,0.0,3.51648,0.0
3272241,2001,3,14,14,20,28.21,103.8225,-4.9879,0.0,3.51648,0.0
3332648,2001,9,27,14,28,17.35,104.9772,-4.3383,0.0,3.51648,0.0
6687129,2003,4,4,20,0,14.87,105.3601,-6.8098,0.0,3.51648,0.0
7352208,2004,6,2,14,22,44.92,103.6655,-6.5107,0.0,3.51648,0.0
8205063,2005,1,13,15,6,36.32,103.2323,-4.9953,0.0,3.51648,0.0
8292621,2005,2,22,19,0,17.57,103.7343,-6.416,0.0,3.51648,0.0
9478451,2006,1,7,1,21,31.32,103.3055,-6.9101,0.0,3.51648,0.0
9579158,2006,2,21,9,52,2.03,102.5243,-4.4879,0.0,3.51648,0.0
9594884,2006,4,14,4,14,32.52,102.9682,-4.1486,0.0,3.51648,0.0
11701138,2007,3,21,17,6,34.61,103.1667,-7.3731,0.0,3.51648,0.0
13325668,2008,1,1,23,43,4.57,103.4843,-5.4664,0.0,3.51648,0.0
12072292,2008,11,4,20,21,10.27,104.0546,-5.5311,0.0,3.51648,0.0
12077382,2008,12,14,3,9,9.22,104.9143,-5.2564,0.0,3.51648,0.0
16156108,2009,5,24,16,54,6.37,103.9026,-4.5474,0.0,3.51648,0.0
16156142,2009,5,25,10,47,1.81,104.076,-4.3611,0.0,3.51648,0.0
16101790,2009,6,27,16,54,57.41,102.4542,-4.7449,0.0,3.51648,0.0
16104444,2009,8,20,17,47,23.03,102.5484,-5.1911,0.0,3.51648,0.0
17143681,2009,11,13,18,43,56.04,103.576,-4.896,0.0,3.51648,0.0
17189077,2010,12,31,17,22,57.3,103.5835,-5.3447,0.0,3.51648,0.0
17189380,2011,1,4,2,25,46.72,103.1008,-5.289,0.0,3.51648,0.0
17192373,2011,2,16,15,46,6.15,104.5719,-4.5324,0.0,3.51648,0.0
601664832,2012,7,19,11,9,34.15,102.0629,-5.6251,0.0,3.51648,0.0
601766081,2012,8,18,16,48,42.04,102.4893,-5.2768,0.0,3.51648,0.0
603988824,2013,10,8,14,50,24.93,105.2865,-5.2778,0.0,3.51648,0.0
606911314,2014,2,23,3,22,8.87,103.9442,-7.3811,0.0,3.51648,0.0
606913824,2014,4,7,21,27,56.51,103.7489,-5.3598,0.0,3.51648,0.0
606920252,2014,7,23,11,20,48.61,105.1447,-7.1572,0.0,3.51648,0.0
605416614,2014,8,23,23,23,23.98,102.9333,-4.2677,0.0,3.51648,0.0
605726195,2014,10,22,15,30,40.08,102.8892,-4.5171,0.0,3.51648,0.0
606623198,2014,11,30,13,27,21.73,103.6473,-6.5907,0.0,3.51648,0.0
607633459,2015,5,1,17,41,49.51,103.4829,-6.3256,0.0,3.51648,0.0
608095805,2015,8,13,4,14,31.39,103.4615,-4.0471,0.0,3.51648,0.0
610543593,2017,3,24,11,4,49.59,105.0101,-7.0354,0.0,3.51648,0.0
610649918,2017,4,24,19,59,59.43,102.6553,-5.817,0.0,3.51648,0.0
617440281,2017,7,10,23,54,3.69,103.5492,-5.1855,0.0,3.51648,0.0
617442304,2017,9,18,10,56,16.14,102.3817,-6.2098,0.0,3.51648,0.0
617443342,2017,10,21,0,49,18.49,103.8186,-5.1806,0.0,3.51648,0.0
617451228,2018,4,24,20,33,40.97,102.7712,-5.8258,0.0,3.51648,0.0
617812520,2020,3,11,19,49,10.32,102.911,-6.5096,0.0,3.51648,0.0
619717463,2020,12,28,16,36,44.82,102.8245,-5.9486,0.0,3.51648,0.0
943762,1996,1,24,2,40,56.0,103.91,-6.1,0.0,3.61755,0.0
1032544,1997,6,17,12,4,6.4,103.321,-6.741,0.0,3.61755,0.0
1146742,1998,6,21,12,22,51.3,103.8181,-4.454,0.0,3.61755,0.0
2772881,2000,6,11,14,15,55.4,103.6887,-5.7533,0.0,3.61755,0.0
2773979,2000,6,25,3,59,55.46,105.3693,-3.392,0.0,3.61755,0.0
2775068,2000,7,3,19,58,57.47,103.4265,-5.2527,0.0,3.61755,0.0
2778546,2000,8,10,8,1,15.18,104.0868,-4.6101,0.0,3.61755,0.0
2779795,2000,8,28,9,52,57.61,102.7368,-5.2444,0.0,3.61755,0.0
3269524,2001,2,15,17,10,28.71,103.7166,-5.1616,0.0,3.61755,0.0
3269668,2001,2,17,6,7,6.88,104.4619,-4.2443,0.0,3.61755,0.0
3330656,2001,9,7,15,57,23.84,102.9709,-5.3303,0.0,3.61755,0.0
3331213,2001,9,12,19,7,10.82,101.8839,-5.3698,0.0,3.61755,0.0
3333703,2001,10,8,21,3,13.82,104.6364,-4.4249,0.0,3.61755,0.0
3334119,2001,10,13,14,36,14.16,102.4915,-4.9767,0.0,3.61755,0.0
3337542,2001,11,25,23,17,27.76,102.572,-4.4391,0.0,3.61755,0.0
3751911,2002,2,2,17,32,51.03,102.7425,-5.2232,0.0,3.61755,0.0
3763346,2002,3,9,15,56,25.3,103.0063,-5.126,0.0,3.61755,0.0
3768589,2002,5,23,6,27,43.79,104.3996,-7.3089,0.0,3.61755,0.0
6538425,2003,1,17,8,38,56.97,102.9489,-5.4899,0.0,3.61755,0.0
6545679,2003,1,28,18,37,29.29,106.2904,-4.1942,0.0,3.61755,0.0
7072801,2003,8,29,7,11,50.91,102.4547,-5.4526,0.0,3.61755,0.0
7327945,2004,4,9,12,2,26.58,105.8111,-4.4766,0.0,3.61755,0.0
7341784,2004,5,11,19,34,5.96,102.1942,-5.1507,0.0,3.61755,0.0
7348497,2004,5,26,7,33,2.22,102.3247,-4.844,0.0,3.61755,0.0
7373107,2004,7,18,0,29,48.65,103.5045,-6.3035,0.0,3.61755,0.0
8004500,2004,8,31,14,22,7.15,104.6958,-4.6868,0.0,3.61755,0.0
7435833,2004,11,13,19,33,56.94,103.5352,-6.6188,0.0,3.61755,0.0
8308905,2005,7,10,14,46,7.45,103.6765,-6.2484,0.0,3.61755,0.0
11925195,2007,4,14,16,18,31.0,105.9133,-6.5187,0.0,3.61755,0.0
12781276,2007,7,28,14,48,58.64,104.047,-6.2255,0.0,3.61755,0.0
12969230,2007,9,22,20,39,27.03,104.282,-4.5982,0.0,3.61755,0.0
12969222,2007,9,22,20,51,54.4,104.1878,-4.2982,0.0,3.61755,0.0
13240801,2007,10,12,18,12,30.43,106.064,-5.5548,0.0,3.61755,0.0
13263502,2007,11,10,12,43,47.54,103.4766,-6.2918,0.0,3.61755,0.0
13343009,2008,1,27,11,25,40.88,103.2281,-5.4808,0.0,3.61755,0.0
12071141,2008,10,26,9,1,27.71,104.6076,-7.5537,0.0,3.61755,0.0
12071351,2008,10,28,16,52,9.65,105.0328,-4.4643,0.0,3.61755,0.0
12071701,2008,10,31,1,38,14.16,103.0347,-7.155,0.0,3.61755,0.0
16154637,2009,4,29,18,1,33.23,106.034,-4.1852,0.0,3.61755,0.0
16154865,2009,5,3,14,20,30.53,102.5332,-4.4004,0.0,3.61755,0.0
16156146,2009,5,25,11,49,43.26,103.2625,-5.5347,0.0,3.61755,0.0
16101592,2009,6,21,23,29,52.69,101.759,-4.9348,0.0,3.61755,0.0
16104236,2009,8,17,12,31,27.95,106.0921,-6.6604,0.0,3.61755,0.0
17170420,2010,5,5,14,37,6.62,104.1371,-3.4039,0.0,3.61755,0.0
17181896,2010,9,10,10,57,4.36,103.3119,-7.6026,0.0,3.61755,0.0
17182373,2010,9,20,12,3,53.77,104.0156,-6.5003,0.0,3.61755,0.0
600212254,2011,12,22,13,58,27.58,102.8602,-4.8129,0.0,3.61755,0.0
602390210,2012,11,30,1,10,15.87,103.0485,-5.3332,0.0,3.61755,0.0
602855207,2013,1,6,4,29,44.94,103.7399,-4.3438,0.0,3.61755,0.0
606937031,2013,2,9,20,17,11.79,103.6768,-5.6575,0.0,3.61755,0.0
606942539,2013,5,16,17,59,42.83,103.9788,-3.513,0.0,3.61755,0.0
603264641,2013,6,7,14,13,27.5,104.2654,-3.5728,0.0,3.61755,0.0
604645885,2013,8,11,21,55,38.01,102.7248,-5.6311,0.0,3.61755,0.0
606913209,2014,3,31,4,22,54.78,103.3503,-5.4702,0.0,3.61755,0.0
606920253,2014,7,23,11,26,9.75,105.6686,-7.456,0.0,3.61755,0.0
605565165,2014,9,28,21,21,53.82,103.1517,-5.0866,0.0,3.61755,0.0
605565269,2014,9,30,23,3,56.08,103.6413,-6.3904,0.0,3.61755,0.0
609383375,2016,7,9,15,53,23.08,103.7383,-5.1662,0.0,3.61755,0.0
609911785,2016,9,11,9,53,54.41,106.1192,-4.8113,0.0,3.61755,0.0
615012336,2016,11,4,12,4,24.06,104.9283,-4.9199,0.0,3.61755,0.0
610685265,2017,5,24,3,46,51.09,104.1963,-6.1255,0.0,3.61755,0.0
617441430,2017,8,21,11,35,59.57,102.6757,-4.6655,0.0,3.61755,0.0
617443118,2017,10,12,8,26,22.0,102.6133,-4.3763,0.0,3.61755,0.0
617428008,2019,8,16,19,57,35.95,103.2916,-5.4579,0.0,3.61755,0.0
617437223,2019,12,1,12,13,16.56,103.2469,-4.065,0.0,3.61755,0.0
960325,1996,4,23,3,31,26.9,104.71,-2.91,0.0,3.71862,0.0
975899,1996,7,19,4,48,45.5,103.71,-3.67,0.0,3.71862,0.0
1058970,1997,12,15,19,52,22.9,104.5706,-6.2879,0.0,3.71862,0.0
1061576,1997,12,31,18,20,42.9,104.5804,-4.0955,0.0,3.71862,0.0
1077609,1998,2,18,21,2,32.6,103.6857,-4.1351,0.0,3.71862,0.0
1672896,1999,5,1,15,4,59.74,104.9226,-4.4535,0.0,3.71862,0.0
2772084,2000,6,6,0,59,50.42,103.637,-5.2152,0.0,3.71862,0.0
2772553,2000,6,8,16,50,2.94,103.511,-5.289,0.0,3.71862,0.0
2772997,2000,6,12,19,40,23.94,103.508,-5.6182,0.0,3.71862,0.0
2776020,2000,7,13,8,11,24.09,103.4804,-5.1478,0.0,3.71862,0.0
2776959,2000,7,23,4,59,53.22,102.1934,-6.0713,0.0,3.71862,0.0
2784638,2000,11,9,16,15,25.25,103.1167,-4.9224,0.0,3.71862,0.0
2786583,2000,11,22,9,35,45.63,104.6604,-4.7248,0.0,3.71862,0.0
3269304,2001,2,13,22,14,29.63,103.3445,-4.7267,0.0,3.71862,0.0
3269346,2001,2,14,2,30,36.31,102.8711,-5.0814,0.0,3.71862,0.0
3269750,2001,2,17,20,50,46.88,103.2861,-4.8245,0.0,3.71862,0.0
3270294,2001,2,23,11,36,43.64,101.7424,-6.1018,0.0,3.71862,0.0
3276852,2001,4,26,4,15,54.02,103.9077,-3.5238,0.0,3.71862,0.0
3324103,2001,6,30,19,12,24.03,104.066,-6.7682,0.0,3.71862,0.0
3332043,2001,9,20,23,15,23.24,103.3869,-3.9319,0.0,3.71862,0.0
3753747,2002,2,20,2,6,9.55,104.0058,-4.0088,0.0,3.71862,0.0
3765074,2002,3,21,14,26,11.22,102.7355,-5.5454,0.0,3.71862,0.0
3767844,2002,5,14,7,13,58.64,102.9154,-5.1222,0.0,3.71862,0.0
3795394,2002,6,29,15,24,6.87,104.2689,-6.0692,0.0,3.71862,0.0
3791589,2002,7,12,11,35,56.43,102.3161,-6.2142,0.0,3.71862,0.0
6266933,2002,12,30,14,59,35.43,103.8813,-7.8972,0.0,3.71862,0.0
6609219,2003,3,5,22,26,16.8,102.7564,-6.3052,0.0,3.71862,0.0
7054744,2003,8,4,10,2,15.21,106.8511,-4.656,0.0,3.71862,0.0
7056258,2003,8,6,8,17,55.14,102.8021,-5.0567,0.0,3.71862,0.0
7157387,2003,10,14,3,22,43.94,105.7823,-5.7506,0.0,3.71862,0.0
7183231,2003,11,13,20,17,33.12,103.41,-5.3496,0.0,3.71862,0.0
7195918,2003,12,1,1,24,32.5,105.5511,-4.0686,0.0,3.71862,0.0
7234305,2004,1,15,5,30,8.05,102.3781,-4.8247,0.0,3.71862,0.0
7313411,2004,3,19,1,7,20.59,102.951,-6.0599,0.0,3.71862,0.0
7346993,2004,5,22,21,53,3.15,102.2225,-4.8252,0.0,3.71862,0.0
7366859,2004,7,1,21,56,41.32,103.0567,-4.5437,0.0,3.71862,0.0
7392163,2004,8,23,16,51,41.0,104.5999,-7.6643,0.0,3.71862,0.0
7392204,2004,8,23,20,35,16.92,104.9742,-6.7603,0.0,3.71862,0.0
7402575,2004,9,18,6,53,53.11,106.2447,-4.0851,0.0,3.71862,0.0
7418785,2004,10,15,19,20,12.63,103.5985,-5.6331,0.0,3.71862,0.0
8205189,2005,1,15,15,23,20.98,105.7611,-6.0719,0.0,3.71862,0.0
8301009,2005,4,3,5,9,21.51,102.2627,-6.3252,0.0,3.71862,0.0
8303987,2005,5,1,14,8,44.8,102.7588,-4.7979,0.0,3.71862,0.0
8311610,2005,8,29,8,28,26.34,105.1543,-6.9506,0.0,3.71862,0.0
8315635,2005,11,6,10,30,41.23,102.6506,-5.4462,0.0,3.71862,0.0
8315905,2005,11,13,14,8,7.92,102.7415,-5.4583,0.0,3.71862,0.0
9478858,2006,1,8,7,3,9.1,105.378,-5.7023,0.0,3.71862,0.0
9570534,2006,2,11,22,41,5.24,104.4793,-6.4188,0.0,3.71862,0.0
9579160,2006,2,21,10,30,29.0,103.9573,-7.5027,0.0,3.71862,0.0
9600197,2006,6,19,19,3,43.11,105.8192,-4.8048,0.0,3.71862,0.0
9600471,2006,6,26,14,51,38.72,102.1575,-6.1835,0.0,3.71862,0.0
9600875,2006,7,11,21,44,30.27,105.9563,-6.9852,0.0,3.71862,0.0
9679234,2006,10,11,18,45,11.24,106.1091,-6.0168,0.0,3.71862,0.0
9749665,2006,11,21,6,15,11.04,102.9945,-7.2231,0.0,3.71862,0.0
10393247,2007,1,22,22,38,6.04,104.7228,-7.4419,0.0,3.71862,0.0
11498890,2007,2,8,22,45,53.28,103.0927,-4.9561,0.0,3.71862,0.0
11916531,2007,4,5,11,56,1.82,103.4424,-5.6612,0.0,3.71862,0.0
11928510,2007,4,18,15,4,17.89,105.3564,-3.4822,0.0,3.71862,0.0
12671870,2007,6,4,15,33,9.8,103.0967,-7.2428,0.0,3.71862,0.0
12768469,2007,7,13,19,24,32.0,105.6829,-6.5953,0.0,3.71862,0.0
12938974,2007,8,9,9,3,33.11,105.5281,-6.8027,0.0,3.71862,0.0
12814518,2007,8,27,9,15,7.69,102.9194,-5.773,0.0,3.71862,0.0
13291316,2007,12,17,12,8,51.91,103.3453,-5.2528,0.0,3.71862,0.0
12697667,2008,6,22,18,37,40.03,102.7453,-6.9436,0.0,3.71862,0.0
12697727,2008,6,25,19,26,54.58,102.9336,-6.7068,0.0,3.71862,0.0
12581586,2008,8,31,3,4,10.72,102.3125,-4.7244,0.0,3.71862,0.0
12072279,2008,11,4,18,52,11.24,102.6593,-5.0236,0.0,3.71862,0.0
12082419,2009,1,26,22,0,36.07,102.107,-5.1256,0.0,3.71862,0.0
15957041,2009,2,23,6,21,55.78,102.9364,-6.1459,0.0,3.71862,0.0
16101151,2009,6,9,13,53,43.17,105.8458,-5.466,0.0,3.71862,0.0
17142700,2009,10,20,23,48,51.48,101.6927,-5.3945,0.0,3.71862,0.0
17143437,2009,11,8,4,49,8.11,101.8924,-6.5815,0.0,3.71862,0.0
17145995,2010,1,8,2,42,19.77,104.3029,-5.6519,0.0,3.71862,0.0
17191786,2011,2,6,8,42,30.96,102.5731,-5.6811,0.0,3.71862,0.0
601755579,2012,8,29,20,44,39.78,103.1723,-5.569,0.0,3.71862,0.0
601863855,2012,9,19,22,12,13.08,102.4382,-5.2911,0.0,3.71862,0.0
602389740,2012,11,20,14,53,55.63,104.3646,-4.9318,0.0,3.71862,0.0
606938504,2013,2,24,0,47,59.05,105.6298,-6.278,0.0,3.71862,0.0
606942412,2013,5,12,15,54,40.38,103.4659,-6.6964,0.0,3.71862,0.0
606942751,2013,5,23,19,51,46.11,103.6349,-5.0668,0.0,3.71862,0.0
603989793,2013,10,25,17,4,6.08,103.5897,-5.931,0.0,3.71862,0.0
606907925,2013,12,3,0,12,31.63,102.149,-4.7725,0.0,3.71862,0.0
606913929,2014,4,10,9,38,52.07,104.4593,-5.8438,0.0,3.71862,0.0
606915476,2014,4,25,3,19,13.56,103.2328,-5.4409,0.0,3.71862,0.0
607673324,2015,7,21,5,33,51.37,102.7192,-5.8223,0.0,3.71862,0.0
610650297,2017,4,29,9,35,15.14,104.5717,-4.0702,0.0,3.71862,0.0
617442502,2017,9,25,22,23,56.06,105.7891,-4.6393,0.0,3.71862,0.0
617444300,2017,11,18,20,30,2.86,105.5122,-4.5348,0.0,3.71862,0.0
617450279,2018,4,2,18,59,30.02,104.0525,-4.4414,0.0,3.71862,0.0
617426337,2019,7,18,8,9,55.56,104.5039,-3.824,0.0,3.71862,0.0
302228329,1995,1,31,14,51,46.8,105.6,-7.35,0.0,3.81969,0.0
83123,1995,9,6,11,48,7.9,105.97,-5.51,0.0,3.81969,0.0
1014096,1997,3,3,18,54,15.2,102.77,-4.97,0.0,3.81969,0.0
1026677,1997,5,12,16,46,54.6,102.551,-4.709,0.0,3.81969,0.0
1040826,1997,9,8,17,25,59.8,103.0468,-4.8056,0.0,3.81969,0.0
1064949,1998,1,17,17,56,26.1,102.8273,-4.9478,0.0,3.81969,0.0
1206953,1998,9,26,14,42,52.0,104.1805,-4.6197,0.0,3.81969,0.0
2771743,2000,6,4,17,19,23.53,103.1888,-5.2313,0.0,3.81969,0.0
2772067,2000,6,5,21,12,51.55,103.7604,-5.2667,0.0,3.81969,0.0
2773195,2000,6,14,20,34,1.5,103.2362,-5.1454,0.0,3.81969,0.0
2781302,2000,9,15,11,21,29.59,103.2128,-5.216,0.0,3.81969,0.0
2782574,2000,10,5,13,43,30.11,103.2088,-4.7909,0.0,3.81969,0.0
2784694,2000,11,10,12,27,13.72,103.3322,-5.406,0.0,3.81969,0.0
3265768,2000,12,30,2,44,43.5,105.4566,-4.8591,0.0,3.81969,0.0
3269337,2001,2,14,0,46,45.61,103.3176,-5.2124,0.0,3.81969,0.0
3271353,2001,3,5,0,58,48.45,103.3889,-4.6737,0.0,3.81969,0.0
3273340,2001,3,27,14,56,11.8,105.1478,-4.9492,0.0,3.81969,0.0
3324036,2001,6,30,8,19,39.43,101.1414,-5.8428,0.0,3.81969,0.0
3332375,2001,9,24,7,41,24.24,103.9491,-3.7979,0.0,3.81969,0.0
3340716,2001,12,30,5,40,54.11,103.1111,-5.4071,0.0,3.81969,0.0
3756045,2002,1,15,8,44,39.12,105.6299,-5.6845,0.0,3.81969,0.0
3765927,2002,3,27,18,35,42.18,104.6466,-3.3139,0.0,3.81969,0.0
3767428,2002,5,9,18,37,9.83,105.576,-5.8863,0.0,3.81969,0.0
6832632,2003,5,1,18,50,22.82,103.3025,-7.4484,0.0,3.81969,0.0
6833395,2003,5,2,22,13,54.64,103.1976,-6.898,0.0,3.81969,0.0
6847506,2003,5,23,15,15,46.03,103.6206,-5.2216,0.0,3.81969,0.0
6932214,2003,6,9,11,49,16.12,103.2088,-4.587,0.0,3.81969,0.0
7006290,2003,7,25,21,39,21.75,104.8521,-4.5909,0.0,3.81969,0.0
7167049,2003,10,27,13,41,36.69,103.9057,-5.761,0.0,3.81969,0.0
7167657,2003,10,28,4,18,10.79,101.8604,-5.4817,0.0,3.81969,0.0
7219788,2003,12,28,13,0,15.55,101.6796,-5.8343,0.0,3.81969,0.0
7247046,2004,2,3,2,48,52.66,102.2893,-5.1221,0.0,3.81969,0.0
7344858,2004,5,18,14,44,39.3,104.0127,-5.7091,0.0,3.81969,0.0
7373205,2004,7,18,4,11,7.85,104.7489,-5.3053,0.0,3.81969,0.0
7417725,2004,10,11,17,16,15.2,102.4729,-5.9066,0.0,3.81969,0.0
7435476,2004,11,13,2,58,19.35,104.5415,-4.9692,0.0,3.81969,0.0
7443489,2004,11,29,15,43,47.31,102.2909,-4.991,0.0,3.81969,0.0
8204803,2005,1,8,16,0,41.74,103.2216,-5.582,0.0,3.81969,0.0
8205038,2005,1,13,1,13,56.74,103.6156,-6.8308,0.0,3.81969,0.0
8303072,2005,4,20,19,55,13.32,104.4953,-3.6318,0.0,3.81969,0.0
9594431,2006,4,7,18,52,21.61,104.4896,-6.2055,0.0,3.81969,0.0
9598814,2006,5,12,17,4,59.27,104.1519,-5.5467,0.0,3.81969,0.0
9672402,2006,8,11,19,36,39.87,105.5693,-7.1155,0.0,3.81969,0.0
10387874,2007,1,16,8,7,47.79,102.8204,-4.7324,0.0,3.81969,0.0
11506838,2007,2,21,4,32,9.64,104.2542,-3.8896,0.0,3.81969,0.0
11507736,2007,2,22,8,25,41.39,102.5925,-6.3631,0.0,3.81969,0.0
11706605,2007,3,27,11,18,27.41,104.2767,-5.9509,0.0,3.81969,0.0
12805929,2007,8,16,18,59,13.83,104.4519,-6.3719,0.0,3.81969,0.0
12973645,2007,9,28,15,51,56.13,104.4769,-3.7737,0.0,3.81969,0.0
13246437,2007,10,21,7,31,12.64,104.1384,-6.052,0.0,3.81969,0.0
13249135,2007,10,25,6,50,27.53,102.3754,-5.5198,0.0,3.81969,0.0
13293142,2007,12,20,2,3,51.49,105.6676,-7.5709,0.0,3.81969,0.0
13342979,2008,1,27,10,22,50.52,102.6749,-6.2612,0.0,3.81969,0.0
13483480,2008,3,7,10,5,20.42,103.2035,-5.7591,0.0,3.81969,0.0
13484876,2008,3,9,8,23,8.24,103.9096,-6.5165,0.0,3.81969,0.0
12074837,2008,11,25,23,46,53.56,101.8577,-5.2865,0.0,3.81969,0.0
12078878,2008,12,25,1,47,21.85,103.4632,-6.5405,0.0,3.81969,0.0
12081092,2009,1,12,5,55,14.24,103.0575,-5.2295,0.0,3.81969,0.0
12081766,2009,1,19,14,57,11.48,102.1823,-4.6497,0.0,3.81969,0.0
16103217,2009,7,28,18,6,23.55,103.0926,-6.2498,0.0,3.81969,0.0
16103469,2009,8,4,18,35,46.52,102.4745,-4.9492,0.0,3.81969,0.0
16104687,2009,8,25,17,12,51.34,100.7554,-5.9068,0.0,3.81969,0.0
17202341,2011,4,29,2,46,15.08,103.9659,-4.4151,0.0,3.81969,0.0
601104514,2012,4,7,2,33,52.46,103.9307,-5.8436,0.0,3.81969,0.0
606939347,2013,3,7,22,17,9.7,103.6883,-5.8543,0.0,3.81969,0.0
603039698,2013,4,1,5,25,55.39,103.8319,-6.2729,0.0,3.81969,0.0
606942381,2013,5,12,1,49,26.42,104.2315,-6.1609,0.0,3.81969,0.0
606907197,2013,11,17,6,6,28.08,103.5384,-7.8663,0.0,3.81969,0.0
606915309,2014,4,22,1,15,23.82,103.0441,-4.6541,0.0,3.81969,0.0
605724907,2014,10,1,1,7,37.69,103.4107,-6.4706,0.0,3.81969,0.0
606928706,2014,12,2,18,55,1.17,103.4872,-4.8422,0.0,3.81969,0.0
609347876,2016,6,6,22,41,46.47,102.5559,-6.3386,0.0,3.81969,0.0
615054899,2016,11,21,0,31,9.99,105.6198,-3.9319,0.0,3.81969,0.0
610689274,2017,5,1,2,18,56.23,104.9521,-4.6796,0.0,3.81969,0.0
617443133,2017,10,13,0,0,34.85,104.8008,-4.5099,0.0,3.81969,0.0
619261505,2020,9,12,18,7,20.88,104.6443,-7.5555,0.0,3.81969,0.0
302232437,1995,6,12,0,53,44.8,105.62,-7.22,0.0,3.92076,0.0
302232301,1995,7,22,12,4,31.2,103.54,-3.94,0.0,3.92076,0.0
302229551,1995,10,4,17,42,5.0,104.28,-4.6,0.0,3.92076,0.0
68280,1995,11,10,16,37,39.4,105.72,-5.75,0.0,3.92076,0.0
977819,1996,7,29,5,31,32.2,104.43,-7.71,0.0,3.92076,0.0
1026153,1997,5,9,20,54,56.7,103.187,-5.563,0.0,3.92076,0.0
1175373,1998,8,8,10,11,50.0,102.4526,-5.4484,0.0,3.92076,0.0
1207449,1998,9,29,2,57,50.9,106.7859,-5.1368,0.0,3.92076,0.0
1627397,1999,4,24,2,27,31.97,103.6319,-6.8044,0.0,3.92076,0.0
2772027,2000,6,5,15,11,21.38,100.855,-5.8996,0.0,3.92076,0.0
2772169,2000,6,6,13,55,26.69,103.6067,-4.92,0.0,3.92076,0.0
2772303,2000,6,7,15,7,38.36,105.4642,-4.7455,0.0,3.92076,0.0
2773071,2000,6,13,16,36,30.09,103.5026,-5.3985,0.0,3.92076,0.0
2774628,2000,6,30,20,40,38.68,102.0767,-5.6248,0.0,3.92076,0.0
2786621,2000,11,22,20,18,10.29,103.0216,-5.0112,0.0,3.92076,0.0
2787013,2000,11,25,13,23,47.79,102.6655,-5.3655,0.0,3.92076,0.0
3264027,2000,12,5,9,2,53.27,105.1361,-7.0808,0.0,3.92076,0.0
3326480,2001,7,25,2,11,7.79,102.8587,-5.8171,0.0,3.92076,0.0
3756192,2002,1,16,5,54,15.95,106.4731,-5.261,0.0,3.92076,0.0
3796998,2002,9,14,2,18,26.25,102.9624,-5.2942,0.0,3.92076,0.0
3797348,2002,9,17,1,14,58.15,101.8918,-5.4065,0.0,3.92076,0.0
6252248,2002,12,4,5,23,21.3,104.1151,-7.667,0.0,3.92076,0.0
7072674,2003,8,29,1,23,26.51,104.6815,-6.8941,0.0,3.92076,0.0
7130786,2003,9,20,10,0,57.14,104.8792,-7.7653,0.0,3.92076,0.0
7352462,2004,6,2,23,0,21.17,104.0455,-5.194,0.0,3.92076,0.0
7434016,2004,11,10,17,48,48.59,103.1689,-6.68,0.0,3.92076,0.0
8291827,2005,2,13,8,32,43.9,103.7261,-5.4798,0.0,3.92076,0.0
8294939,2005,3,16,16,30,21.35,103.0438,-5.4846,0.0,3.92076,0.0
8304676,2005,5,10,3,18,44.97,105.224,-4.9894,0.0,3.92076,0.0
8307230,2005,6,6,1,58,45.62,103.2697,-5.0197,0.0,3.92076,0.0
8315326,2005,10,28,21,24,4.94,103.7828,-4.0574,0.0,3.92076,0.0
9479757,2006,1,10,2,33,6.15,105.2538,-5.7234,0.0,3.92076,0.0
9594355,2006,4,6,6,16,0.78,105.3997,-7.2866,0.0,3.92076,0.0
9601510,2006,7,20,16,47,47.49,106.1162,-6.335,0.0,3.92076,0.0
9679599,2006,10,15,3,58,33.23,103.0132,-4.8478,0.0,3.92076,0.0
9752456,2006,12,21,16,53,49.27,104.7459,-5.2154,0.0,3.92076,0.0
10377909,2007,1,2,8,36,24.58,104.0043,-6.4126,0.0,3.92076,0.0
12646728,2007,5,3,8,1,45.44,105.0927,-3.9217,0.0,3.92076,0.0
12653027,2007,5,11,17,23,40.22,106.0365,-6.3527,0.0,3.92076,0.0
12662881,2007,5,25,11,45,46.31,102.4509,-5.3497,0.0,3.92076,0.0
12664543,2007,5,27,20,10,20.03,102.6171,-6.2623,0.0,3.92076,0.0
12962148,2007,9,12,11,57,4.69,103.5229,-4.7418,0.0,3.92076,0.0
12966252,2007,9,17,0,52,30.94,102.8607,-4.7956,0.0,3.92076,0.0
12082634,2009,1,29,2,55,7.14,106.2232,-4.9711,0.0,3.92076,0.0
15957184,2009,2,24,20,59,44.48,102.29,-4.804,0.0,3.92076,0.0
16102095,2009,7,5,11,6,7.69,105.7521,-5.9339,0.0,3.92076,0.0
17186743,2010,12,9,14,34,57.4,105.7394,-6.3985,0.0,3.92076,0.0
17186811,2010,12,11,5,26,41.88,103.2996,-4.5679,0.0,3.92076,0.0
17497448,2011,9,7,21,23,32.99,103.5168,-6.638,0.0,3.92076,0.0
600221261,2011,12,1,11,3,32.67,104.56,-7.611,0.0,3.92076,0.0
601202374,2012,5,31,0,0,59.38,102.2922,-4.8113,0.0,3.92076,0.0
601999366,2012,10,23,12,52,52.15,102.3047,-5.8442,0.0,3.92076,0.0
606939109,2013,3,4,5,4,52.77,103.8569,-5.8332,0.0,3.92076,0.0
606942305,2013,5,9,22,30,46.71,102.3439,-4.519,0.0,3.92076,0.0
610543403,2017,3,21,12,8,12.05,105.9171,-6.1409,0.0,3.92076,0.0
617441258,2017,8,15,1,49,20.29,103.0146,-5.2075,0.0,3.92076,0.0
617427346,2019,8,1,16,9,6.16,104.2545,-8.3741,0.0,3.92076,0.0
617433392,2019,10,28,9,13,52.83,103.6782,-3.7921,0.0,3.92076,0.0
114746,1995,3,21,8,37,5.4,105.81,-4.21,0.0,4.02183,0.0
1029014,1997,5,26,0,57,25.7,102.565,-4.696,0.0,4.02183,0.0
1075693,1998,2,7,8,7,4.6,101.2992,-5.4276,0.0,4.02183,0.0
1448613,1999,2,4,15,8,52.1,102.706,-5.0194,0.0,4.02183,0.0
1718861,1999,9,22,18,54,31.37,102.4197,-5.5578,0.0,4.02183,0.0
2775547,2000,7,8,5,4,50.97,103.1864,-5.1332,0.0,4.02183,0.0
2777390,2000,7,28,16,38,44.47,102.7841,-5.2293,0.0,4.02183,0.0
2777693,2000,7,31,10,42,6.49,106.0279,-4.7075,0.0,4.02183,0.0
2779270,2000,8,20,3,59,5.12,104.1907,-6.2075,0.0,4.02183,0.0
2780689,2000,9,5,12,31,33.97,103.8225,-4.1468,0.0,4.02183,0.0
2783643,2000,10,26,1,40,34.02,102.9851,-5.1393,0.0,4.02183,0.0
3756123,2002,1,15,15,52,33.92,105.7325,-5.8582,0.0,4.02183,0.0
3791201,2002,7,8,4,46,23.13,105.1332,-8.3281,0.0,4.02183,0.0
6607424,2003,3,2,16,48,12.53,104.8944,-5.2245,0.0,4.02183,0.0
7156090,2003,10,12,6,29,23.93,104.1135,-4.0638,0.0,4.02183,0.0
7444738,2004,12,2,2,57,10.54,104.4119,-4.9971,0.0,4.02183,0.0
7449713,2004,12,18,17,48,11.72,101.8876,-5.3773,0.0,4.02183,0.0
8294858,2005,3,15,16,4,34.06,105.875,-4.9703,0.0,4.02183,0.0
8305481,2005,5,17,16,5,50.43,101.702,-6.1526,0.0,4.02183,0.0
8307920,2005,6,20,7,55,23.48,101.7072,-5.387,0.0,4.02183,0.0
8308830,2005,7,9,2,38,19.03,103.9313,-6.3258,0.0,4.02183,0.0
8310598,2005,8,2,10,57,43.18,102.3519,-5.4936,0.0,4.02183,0.0
8317081,2005,12,13,12,3,32.78,104.0118,-6.288,0.0,4.02183,0.0
9601483,2006,7,20,6,10,0.37,105.4735,-4.3651,0.0,4.02183,0.0
9601499,2006,7,20,9,37,55.56,104.8956,-4.482,0.0,4.02183,0.0
9601764,2006,7,27,6,18,41.58,104.3021,-3.4169,0.0,4.02183,0.0
9674164,2006,9,7,14,31,6.34,104.4649,-6.7159,0.0,4.02183,0.0
9679464,2006,10,13,17,15,0.96,103.3162,-4.8665,0.0,4.02183,0.0
10387861,2007,1,16,4,51,12.86,104.1155,-7.8436,0.0,4.02183,0.0
12647964,2007,5,4,19,26,28.18,104.2454,-6.8751,0.0,4.02183,0.0
12780579,2007,7,27,17,2,34.82,102.0085,-5.2072,0.0,4.02183,0.0
13260196,2007,11,5,23,46,15.34,102.4165,-4.9053,0.0,4.02183,0.0
12696007,2008,5,1,10,41,15.3,103.9757,-4.5744,0.0,4.02183,0.0
11910509,2008,9,17,20,15,7.47,102.0788,-6.5918,0.0,4.02183,0.0
17201578,2011,4,20,2,18,21.83,101.6026,-5.2546,0.0,4.02183,0.0
606942395,2013,5,12,5,46,49.97,106.4694,-4.9223,0.0,4.02183,0.0
606932011,2015,1,22,8,48,8.06,105.5119,-5.01,0.0,4.02183,0.0
1959529,1999,12,2,5,0,52.22,105.028,-7.4305,0.0,4.1229,0.0
2772360,2000,6,7,23,23,47.03,103.4997,-5.1725,0.0,4.1229,0.0
2772489,2000,6,8,11,29,15.17,101.8289,-5.4935,0.0,4.1229,0.0
2772671,2000,6,9,9,28,30.47,103.3911,-5.1651,0.0,4.1229,0.0
2772848,2000,6,11,5,38,31.14,103.1205,-5.1327,0.0,4.1229,0.0
2773394,2000,6,17,11,59,38.91,102.1343,-5.8692,0.0,4.1229,0.0
2777686,2000,7,31,7,52,23.82,102.943,-5.2089,0.0,4.1229,0.0
2777858,2000,8,2,5,9,9.41,103.197,-5.3954,0.0,4.1229,0.0
3266880,2001,1,18,2,35,20.35,103.1031,-4.5419,0.0,4.1229,0.0
3269743,2001,2,17,19,59,27.94,102.8482,-5.27,0.0,4.1229,0.0
3756063,2002,1,15,10,11,26.54,106.8327,-4.8734,0.0,4.1229,0.0
3758906,2002,4,5,7,41,11.88,103.2131,-5.6389,0.0,4.1229,0.0
6594436,2003,2,24,17,37,49.14,105.4805,-4.9215,0.0,4.1229,0.0
6837102,2003,5,8,9,41,48.37,105.0516,-5.1683,0.0,4.1229,0.0
6847708,2003,5,23,22,50,7.38,101.9295,-6.0867,0.0,4.1229,0.0
7384324,2004,8,3,5,36,39.23,105.4222,-5.2022,0.0,4.1229,0.0
8302150,2005,4,11,11,4,34.97,102.1273,-6.4846,0.0,4.1229,0.0
8311210,2005,8,18,23,6,39.6,102.9044,-4.9274,0.0,4.1229,0.0
9480817,2006,1,12,20,40,20.86,102.7505,-6.5826,0.0,4.1229,0.0
9599184,2006,5,19,16,42,34.61,103.0954,-4.0019,0.0,4.1229,0.0
9678546,2006,10,1,6,6,26.18,103.0056,-4.2943,0.0,4.1229,0.0
9678694,2006,10,3,9,33,20.71,103.6671,-6.4919,0.0,4.1229,0.0
12649293,2007,5,6,13,13,21.25,103.0519,-6.0166,0.0,4.1229,0.0
12657623,2007,5,18,0,55,42.01,103.6974,-6.9126,0.0,4.1229,0.0
12676320,2007,6,9,10,37,33.65,105.37,-5.8329,0.0,4.1229,0.0
12969904,2007,9,23,15,31,58.25,104.5679,-3.9362,0.0,4.1229,0.0
979537,1996,8,8,8,43,6.0,103.94,-5.37,0.0,4.22397,0.0
982204,1996,8,22,8,47,49.4,106.1,-6.48,0.0,4.22397,0.0
1716240,1999,8,3,20,56,40.03,103.2658,-5.6051,0.0,4.22397,0.0
2773309,2000,6,16,8,44,6.86,103.5332,-3.7446,0.0,4.22397,0.0
3791045,2002,7,6,2,26,47.13,105.3599,-7.0431,0.0,4.22397,0.0
3796171,2002,9,8,7,37,34.78,105.4992,-3.6249,0.0,4.22397,0.0
7118978,2003,9,4,15,51,50.68,104.6281,-4.3032,0.0,4.22397,0.0
7237333,2004,1,19,9,59,39.22,105.989,-7.0691,0.0,4.22397,0.0
7428903,2004,11,1,10,44,24.89,102.6499,-5.8153,0.0,4.22397,0.0
7444688,2004,12,2,0,17,23.24,105.2975,-6.9052,0.0,4.22397,0.0
7444691,2004,12,2,0,19,51.2,105.8204,-6.5337,0.0,4.22397,0.0
7454604,2004,12,26,18,26,16.97,104.1445,-3.9834,0.0,4.22397,0.0
8313905,2005,9,25,22,18,28.29,103.4991,-6.2424,0.0,4.22397,0.0
82834,1995,9,4,5,48,9.4,102.43,-5.75,0.0,4.32504,0.0
1545006,1999,3,22,9,45,36.3,106.3644,-4.8466,0.0,4.32504,0.0
2772687,2000,6,9,12,53,44.37,103.3447,-4.8915,0.0,4.32504,0.0
2784373,2000,11,5,17,37,46.86,105.5654,-5.3199,0.0,4.32504,0.0
7118494,2003,9,4,1,15,57.3,103.4661,-6.5041,0.0,4.32504,0.0
2771771,2000,6,4,18,16,15.6,103.3836,-5.3535,0.0,4.42611,0.0
3269695,2001,2,17,10,19,20.28,103.463,-4.8318,0.0,4.42611,0.0
1718310,1999,9,12,12,45,11.82,104.5012,-4.9621,0.0,4.62825,0.0
